use_id,crop,rate_value,rate_unit,rate_level,planting_method,workbook,product_identifier,region,target_pest,notes
small_cereals|Barley|high|300.000|mg a.i./kg seed,Barley,300,mg a.i./kg seed,high,broadcast,small_cereals,VUI 3622323,NA,NA,seed_use_number=1; status=ASSESSMENT_DEFAULT
small_cereals|Barley|high|300.000|mg a.i./kg seed,Barley,300,mg a.i./kg seed,high,drill_spring,small_cereals,VUI 3622323,NA,NA,seed_use_number=1; status=ASSESSMENT_DEFAULT
small_cereals|Barley|high|300.000|mg a.i./kg seed,Barley,300,mg a.i./kg seed,high,drill_fall,small_cereals,VUI 3622323,NA,NA,seed_use_number=1; status=ASSESSMENT_DEFAULT
small_cereals|Barley|mid|200.000|mg a.i./kg seed,Barley,200,mg a.i./kg seed,mid,broadcast,small_cereals,VUI 3622323,NA,NA,seed_use_number=1; status=ASSESSMENT_DEFAULT
small_cereals|Barley|mid|200.000|mg a.i./kg seed,Barley,200,mg a.i./kg seed,mid,drill_spring,small_cereals,VUI 3622323,NA,NA,seed_use_number=1; status=ASSESSMENT_DEFAULT
small_cereals|Barley|mid|200.000|mg a.i./kg seed,Barley,200,mg a.i./kg seed,mid,drill_fall,small_cereals,VUI 3622323,NA,NA,seed_use_number=1; status=ASSESSMENT_DEFAULT
small_cereals|Barley|low|100.000|mg a.i./kg seed,Barley,100,mg a.i./kg seed,low,broadcast,small_cereals,VUI 3622323,NA,NA,seed_use_number=1; status=ASSESSMENT_DEFAULT
small_cereals|Barley|low|100.000|mg a.i./kg seed,Barley,100,mg a.i./kg seed,low,drill_spring,small_cereals,VUI 3622323,NA,NA,seed_use_number=1; status=ASSESSMENT_DEFAULT
small_cereals|Barley|low|100.000|mg a.i./kg seed,Barley,100,mg a.i./kg seed,low,drill_fall,small_cereals,VUI 3622323,NA,NA,seed_use_number=1; status=ASSESSMENT_DEFAULT
small_cereals|Rye|high|300.000|mg a.i./kg seed,Rye,300,mg a.i./kg seed,high,broadcast,small_cereals,VUI 3622323,NA,NA,seed_use_number=2; status=ASSESSMENT_DEFAULT
small_cereals|Rye|high|300.000|mg a.i./kg seed,Rye,300,mg a.i./kg seed,high,drill_spring,small_cereals,VUI 3622323,NA,NA,seed_use_number=2; status=ASSESSMENT_DEFAULT
small_cereals|Rye|high|300.000|mg a.i./kg seed,Rye,300,mg a.i./kg seed,high,drill_fall,small_cereals,VUI 3622323,NA,NA,seed_use_number=2; status=ASSESSMENT_DEFAULT
small_cereals|Rye|mid|200.000|mg a.i./kg seed,Rye,200,mg a.i./kg seed,mid,broadcast,small_cereals,VUI 3622323,NA,NA,seed_use_number=2; status=ASSESSMENT_DEFAULT
small_cereals|Rye|mid|200.000|mg a.i./kg seed,Rye,200,mg a.i./kg seed,mid,drill_spring,small_cereals,VUI 3622323,NA,NA,seed_use_number=2; status=ASSESSMENT_DEFAULT
small_cereals|Rye|mid|200.000|mg a.i./kg seed,Rye,200,mg a.i./kg seed,mid,drill_fall,small_cereals,VUI 3622323,NA,NA,seed_use_number=2; status=ASSESSMENT_DEFAULT
small_cereals|Rye|low|100.000|mg a.i./kg seed,Rye,100,mg a.i./kg seed,low,broadcast,small_cereals,VUI 3622323,NA,NA,seed_use_number=2; status=ASSESSMENT_DEFAULT
small_cereals|Rye|low|100.000|mg a.i./kg seed,Rye,100,mg a.i./kg seed,low,drill_spring,small_cereals,VUI 3622323,NA,NA,seed_use_number=2; status=ASSESSMENT_DEFAULT
small_cereals|Rye|low|100.000|mg a.i./kg seed,Rye,100,mg a.i./kg seed,low,drill_fall,small_cereals,VUI 3622323,NA,NA,seed_use_number=2; status=ASSESSMENT_DEFAULT
small_cereals|Triticale|high|300.000|mg a.i./kg seed,Triticale,300,mg a.i./kg seed,high,broadcast,small_cereals,VUI 3622323,NA,NA,seed_use_number=3; status=ASSESSMENT_DEFAULT
small_cereals|Triticale|high|300.000|mg a.i./kg seed,Triticale,300,mg a.i./kg seed,high,drill_spring,small_cereals,VUI 3622323,NA,NA,seed_use_number=3; status=ASSESSMENT_DEFAULT
small_cereals|Triticale|high|300.000|mg a.i./kg seed,Triticale,300,mg a.i./kg seed,high,drill_fall,small_cereals,VUI 3622323,NA,NA,seed_use_number=3; status=ASSESSMENT_DEFAULT
small_cereals|Triticale|mid|200.000|mg a.i./kg seed,Triticale,200,mg a.i./kg seed,mid,broadcast,small_cereals,VUI 3622323,NA,NA,seed_use_number=3; status=ASSESSMENT_DEFAULT
small_cereals|Triticale|mid|200.000|mg a.i./kg seed,Triticale,200,mg a.i./kg seed,mid,drill_spring,small_cereals,VUI 3622323,NA,NA,seed_use_number=3; status=ASSESSMENT_DEFAULT
small_cereals|Triticale|mid|200.000|mg a.i./kg seed,Triticale,200,mg a.i./kg seed,mid,drill_fall,small_cereals,VUI 3622323,NA,NA,seed_use_number=3; status=ASSESSMENT_DEFAULT
small_cereals|Triticale|low|100.000|mg a.i./kg seed,Triticale,100,mg a.i./kg seed,low,broadcast,small_cereals,VUI 3622323,NA,NA,seed_use_number=3; status=ASSESSMENT_DEFAULT
small_cereals|Triticale|low|100.000|mg a.i./kg seed,Triticale,100,mg a.i./kg seed,low,drill_spring,small_cereals,VUI 3622323,NA,NA,seed_use_number=3; status=ASSESSMENT_DEFAULT
small_cereals|Triticale|low|100.000|mg a.i./kg seed,Triticale,100,mg a.i./kg seed,low,drill_fall,small_cereals,VUI 3622323,NA,NA,seed_use_number=3; status=ASSESSMENT_DEFAULT
"small_cereals|Wheat, Durum|high|300.000|mg a.i./kg seed","Wheat, Durum",300,mg a.i./kg seed,high,broadcast,small_cereals,VUI 3622323,NA,NA,seed_use_number=4; status=ASSESSMENT_DEFAULT
"small_cereals|Wheat, Durum|high|300.000|mg a.i./kg seed","Wheat, Durum",300,mg a.i./kg seed,high,drill_spring,small_cereals,VUI 3622323,NA,NA,seed_use_number=4; status=ASSESSMENT_DEFAULT
"small_cereals|Wheat, Durum|high|300.000|mg a.i./kg seed","Wheat, Durum",300,mg a.i./kg seed,high,drill_fall,small_cereals,VUI 3622323,NA,NA,seed_use_number=4; status=ASSESSMENT_DEFAULT
"small_cereals|Wheat, Durum|mid|200.000|mg a.i./kg seed","Wheat, Durum",200,mg a.i./kg seed,mid,broadcast,small_cereals,VUI 3622323,NA,NA,seed_use_number=4; status=ASSESSMENT_DEFAULT
"small_cereals|Wheat, Durum|mid|200.000|mg a.i./kg seed","Wheat, Durum",200,mg a.i./kg seed,mid,drill_spring,small_cereals,VUI 3622323,NA,NA,seed_use_number=4; status=ASSESSMENT_DEFAULT
"small_cereals|Wheat, Durum|mid|200.000|mg a.i./kg seed","Wheat, Durum",200,mg a.i./kg seed,mid,drill_fall,small_cereals,VUI 3622323,NA,NA,seed_use_number=4; status=ASSESSMENT_DEFAULT
"small_cereals|Wheat, Durum|low|100.000|mg a.i./kg seed","Wheat, Durum",100,mg a.i./kg seed,low,broadcast,small_cereals,VUI 3622323,NA,NA,seed_use_number=4; status=ASSESSMENT_DEFAULT
"small_cereals|Wheat, Durum|low|100.000|mg a.i./kg seed","Wheat, Durum",100,mg a.i./kg seed,low,drill_spring,small_cereals,VUI 3622323,NA,NA,seed_use_number=4; status=ASSESSMENT_DEFAULT
"small_cereals|Wheat, Durum|low|100.000|mg a.i./kg seed","Wheat, Durum",100,mg a.i./kg seed,low,drill_fall,small_cereals,VUI 3622323,NA,NA,seed_use_number=4; status=ASSESSMENT_DEFAULT
"small_cereals|Wheat, spring (non-durum)|high|300.000|mg a.i./kg seed","Wheat, spring (non-durum)",300,mg a.i./kg seed,high,broadcast,small_cereals,VUI 3622323,NA,NA,seed_use_number=5; status=ASSESSMENT_DEFAULT
"small_cereals|Wheat, spring (non-durum)|high|300.000|mg a.i./kg seed","Wheat, spring (non-durum)",300,mg a.i./kg seed,high,drill_spring,small_cereals,VUI 3622323,NA,NA,seed_use_number=5; status=ASSESSMENT_DEFAULT
"small_cereals|Wheat, spring (non-durum)|high|300.000|mg a.i./kg seed","Wheat, spring (non-durum)",300,mg a.i./kg seed,high,drill_fall,small_cereals,VUI 3622323,NA,NA,seed_use_number=5; status=ASSESSMENT_DEFAULT
"small_cereals|Wheat, spring (non-durum)|mid|200.000|mg a.i./kg seed","Wheat, spring (non-durum)",200,mg a.i./kg seed,mid,broadcast,small_cereals,VUI 3622323,NA,NA,seed_use_number=5; status=ASSESSMENT_DEFAULT
"small_cereals|Wheat, spring (non-durum)|mid|200.000|mg a.i./kg seed","Wheat, spring (non-durum)",200,mg a.i./kg seed,mid,drill_spring,small_cereals,VUI 3622323,NA,NA,seed_use_number=5; status=ASSESSMENT_DEFAULT
"small_cereals|Wheat, spring (non-durum)|mid|200.000|mg a.i./kg seed","Wheat, spring (non-durum)",200,mg a.i./kg seed,mid,drill_fall,small_cereals,VUI 3622323,NA,NA,seed_use_number=5; status=ASSESSMENT_DEFAULT
"small_cereals|Wheat, spring (non-durum)|low|100.000|mg a.i./kg seed","Wheat, spring (non-durum)",100,mg a.i./kg seed,low,broadcast,small_cereals,VUI 3622323,NA,NA,seed_use_number=5; status=ASSESSMENT_DEFAULT
"small_cereals|Wheat, spring (non-durum)|low|100.000|mg a.i./kg seed","Wheat, spring (non-durum)",100,mg a.i./kg seed,low,drill_spring,small_cereals,VUI 3622323,NA,NA,seed_use_number=5; status=ASSESSMENT_DEFAULT
"small_cereals|Wheat, spring (non-durum)|low|100.000|mg a.i./kg seed","Wheat, spring (non-durum)",100,mg a.i./kg seed,low,drill_fall,small_cereals,VUI 3622323,NA,NA,seed_use_number=5; status=ASSESSMENT_DEFAULT
"small_cereals|Wheat, winter (non-durum)|high|300.000|mg a.i./kg seed","Wheat, winter (non-durum)",300,mg a.i./kg seed,high,broadcast,small_cereals,VUI 3622323,NA,NA,seed_use_number=6; status=ASSESSMENT_DEFAULT
"small_cereals|Wheat, winter (non-durum)|high|300.000|mg a.i./kg seed","Wheat, winter (non-durum)",300,mg a.i./kg seed,high,drill_spring,small_cereals,VUI 3622323,NA,NA,seed_use_number=6; status=ASSESSMENT_DEFAULT
"small_cereals|Wheat, winter (non-durum)|high|300.000|mg a.i./kg seed","Wheat, winter (non-durum)",300,mg a.i./kg seed,high,drill_fall,small_cereals,VUI 3622323,NA,NA,seed_use_number=6; status=ASSESSMENT_DEFAULT
"small_cereals|Wheat, winter (non-durum)|mid|200.000|mg a.i./kg seed","Wheat, winter (non-durum)",200,mg a.i./kg seed,mid,broadcast,small_cereals,VUI 3622323,NA,NA,seed_use_number=6; status=ASSESSMENT_DEFAULT
"small_cereals|Wheat, winter (non-durum)|mid|200.000|mg a.i./kg seed","Wheat, winter (non-durum)",200,mg a.i./kg seed,mid,drill_spring,small_cereals,VUI 3622323,NA,NA,seed_use_number=6; status=ASSESSMENT_DEFAULT
"small_cereals|Wheat, winter (non-durum)|mid|200.000|mg a.i./kg seed","Wheat, winter (non-durum)",200,mg a.i./kg seed,mid,drill_fall,small_cereals,VUI 3622323,NA,NA,seed_use_number=6; status=ASSESSMENT_DEFAULT
"small_cereals|Wheat, winter (non-durum)|low|100.000|mg a.i./kg seed","Wheat, winter (non-durum)",100,mg a.i./kg seed,low,broadcast,small_cereals,VUI 3622323,NA,NA,seed_use_number=6; status=ASSESSMENT_DEFAULT
"small_cereals|Wheat, winter (non-durum)|low|100.000|mg a.i./kg seed","Wheat, winter (non-durum)",100,mg a.i./kg seed,low,drill_spring,small_cereals,VUI 3622323,NA,NA,seed_use_number=6; status=ASSESSMENT_DEFAULT
"small_cereals|Wheat, winter (non-durum)|low|100.000|mg a.i./kg seed","Wheat, winter (non-durum)",100,mg a.i./kg seed,low,drill_fall,small_cereals,VUI 3622323,NA,NA,seed_use_number=6; status=ASSESSMENT_DEFAULT
small_cereals|Buckwheat|high|300.000|mg a.i./kg seed,Buckwheat,300,mg a.i./kg seed,high,broadcast,small_cereals,VUI 3622323,NA,NA,seed_use_number=7; status=ASSESSMENT_DEFAULT
small_cereals|Buckwheat|high|300.000|mg a.i./kg seed,Buckwheat,300,mg a.i./kg seed,high,drill_spring,small_cereals,VUI 3622323,NA,NA,seed_use_number=7; status=ASSESSMENT_DEFAULT
small_cereals|Buckwheat|mid|200.000|mg a.i./kg seed,Buckwheat,200,mg a.i./kg seed,mid,broadcast,small_cereals,VUI 3622323,NA,NA,seed_use_number=7; status=ASSESSMENT_DEFAULT
small_cereals|Buckwheat|mid|200.000|mg a.i./kg seed,Buckwheat,200,mg a.i./kg seed,mid,drill_spring,small_cereals,VUI 3622323,NA,NA,seed_use_number=7; status=ASSESSMENT_DEFAULT
small_cereals|Buckwheat|low|100.000|mg a.i./kg seed,Buckwheat,100,mg a.i./kg seed,low,broadcast,small_cereals,VUI 3622323,NA,NA,seed_use_number=7; status=ASSESSMENT_DEFAULT
small_cereals|Buckwheat|low|100.000|mg a.i./kg seed,Buckwheat,100,mg a.i./kg seed,low,drill_spring,small_cereals,VUI 3622323,NA,NA,seed_use_number=7; status=ASSESSMENT_DEFAULT
small_cereals|Sorghum|high|300.000|mg a.i./kg seed,Sorghum,300,mg a.i./kg seed,high,broadcast,small_cereals,VUI 3622323,NA,NA,seed_use_number=8; status=ASSESSMENT_DEFAULT
small_cereals|Sorghum|high|300.000|mg a.i./kg seed,Sorghum,300,mg a.i./kg seed,high,drill_spring,small_cereals,VUI 3622323,NA,NA,seed_use_number=8; status=ASSESSMENT_DEFAULT
small_cereals|Sorghum|mid|200.000|mg a.i./kg seed,Sorghum,200,mg a.i./kg seed,mid,broadcast,small_cereals,VUI 3622323,NA,NA,seed_use_number=8; status=ASSESSMENT_DEFAULT
small_cereals|Sorghum|mid|200.000|mg a.i./kg seed,Sorghum,200,mg a.i./kg seed,mid,drill_spring,small_cereals,VUI 3622323,NA,NA,seed_use_number=8; status=ASSESSMENT_DEFAULT
small_cereals|Sorghum|low|100.000|mg a.i./kg seed,Sorghum,100,mg a.i./kg seed,low,broadcast,small_cereals,VUI 3622323,NA,NA,seed_use_number=8; status=ASSESSMENT_DEFAULT
small_cereals|Sorghum|low|100.000|mg a.i./kg seed,Sorghum,100,mg a.i./kg seed,low,drill_spring,small_cereals,VUI 3622323,NA,NA,seed_use_number=8; status=ASSESSMENT_DEFAULT
small_cereals|Oat|high|200.000|mg a.i./kg seed,Oat,200,mg a.i./kg seed,high,broadcast,small_cereals,VUI 3622323,NA,NA,seed_use_number=9; status=ASSESSMENT_DEFAULT
small_cereals|Oat|high|200.000|mg a.i./kg seed,Oat,200,mg a.i./kg seed,high,drill_spring,small_cereals,VUI 3622323,NA,NA,seed_use_number=9; status=ASSESSMENT_DEFAULT
small_cereals|Oat|high|200.000|mg a.i./kg seed,Oat,200,mg a.i./kg seed,high,drill_fall,small_cereals,VUI 3622323,NA,NA,seed_use_number=9; status=ASSESSMENT_DEFAULT
"small_cereals|Millet, pearl|high|300.000|mg a.i./kg seed","Millet, pearl",300,mg a.i./kg seed,high,broadcast,small_cereals,VUI 3622323,NA,NA,seed_use_number=10; status=ASSESSMENT_DEFAULT
"small_cereals|Millet, pearl|high|300.000|mg a.i./kg seed","Millet, pearl",300,mg a.i./kg seed,high,drill_spring,small_cereals,VUI 3622323,NA,NA,seed_use_number=10; status=ASSESSMENT_DEFAULT
"small_cereals|Millet, pearl|high|300.000|mg a.i./kg seed","Millet, pearl",300,mg a.i./kg seed,high,precision,small_cereals,VUI 3622323,NA,NA,seed_use_number=10; status=ASSESSMENT_DEFAULT
"small_cereals|Millet, pearl|mid|200.000|mg a.i./kg seed","Millet, pearl",200,mg a.i./kg seed,mid,broadcast,small_cereals,VUI 3622323,NA,NA,seed_use_number=10; status=ASSESSMENT_DEFAULT
"small_cereals|Millet, pearl|mid|200.000|mg a.i./kg seed","Millet, pearl",200,mg a.i./kg seed,mid,drill_spring,small_cereals,VUI 3622323,NA,NA,seed_use_number=10; status=ASSESSMENT_DEFAULT
"small_cereals|Millet, pearl|mid|200.000|mg a.i./kg seed","Millet, pearl",200,mg a.i./kg seed,mid,precision,small_cereals,VUI 3622323,NA,NA,seed_use_number=10; status=ASSESSMENT_DEFAULT
"small_cereals|Millet, pearl|low|100.000|mg a.i./kg seed","Millet, pearl",100,mg a.i./kg seed,low,broadcast,small_cereals,VUI 3622323,NA,NA,seed_use_number=10; status=ASSESSMENT_DEFAULT
"small_cereals|Millet, pearl|low|100.000|mg a.i./kg seed","Millet, pearl",100,mg a.i./kg seed,low,drill_spring,small_cereals,VUI 3622323,NA,NA,seed_use_number=10; status=ASSESSMENT_DEFAULT
"small_cereals|Millet, pearl|low|100.000|mg a.i./kg seed","Millet, pearl",100,mg a.i./kg seed,low,precision,small_cereals,VUI 3622323,NA,NA,seed_use_number=10; status=ASSESSMENT_DEFAULT
"small_cereals|Millet, proso|high|300.000|mg a.i./kg seed","Millet, proso",300,mg a.i./kg seed,high,broadcast,small_cereals,VUI 3622323,NA,NA,seed_use_number=11; status=ASSESSMENT_DEFAULT
"small_cereals|Millet, proso|high|300.000|mg a.i./kg seed","Millet, proso",300,mg a.i./kg seed,high,drill_spring,small_cereals,VUI 3622323,NA,NA,seed_use_number=11; status=ASSESSMENT_DEFAULT
"small_cereals|Millet, proso|high|300.000|mg a.i./kg seed","Millet, proso",300,mg a.i./kg seed,high,precision,small_cereals,VUI 3622323,NA,NA,seed_use_number=11; status=ASSESSMENT_DEFAULT
"small_cereals|Millet, proso|mid|200.000|mg a.i./kg seed","Millet, proso",200,mg a.i./kg seed,mid,broadcast,small_cereals,VUI 3622323,NA,NA,seed_use_number=11; status=ASSESSMENT_DEFAULT
"small_cereals|Millet, proso|mid|200.000|mg a.i./kg seed","Millet, proso",200,mg a.i./kg seed,mid,drill_spring,small_cereals,VUI 3622323,NA,NA,seed_use_number=11; status=ASSESSMENT_DEFAULT
"small_cereals|Millet, proso|mid|200.000|mg a.i./kg seed","Millet, proso",200,mg a.i./kg seed,mid,precision,small_cereals,VUI 3622323,NA,NA,seed_use_number=11; status=ASSESSMENT_DEFAULT
"small_cereals|Millet, proso|low|100.000|mg a.i./kg seed","Millet, proso",100,mg a.i./kg seed,low,broadcast,small_cereals,VUI 3622323,NA,NA,seed_use_number=11; status=ASSESSMENT_DEFAULT
"small_cereals|Millet, proso|low|100.000|mg a.i./kg seed","Millet, proso",100,mg a.i./kg seed,low,drill_spring,small_cereals,VUI 3622323,NA,NA,seed_use_number=11; status=ASSESSMENT_DEFAULT
"small_cereals|Millet, proso|low|100.000|mg a.i./kg seed","Millet, proso",100,mg a.i./kg seed,low,precision,small_cereals,VUI 3622323,NA,NA,seed_use_number=11; status=ASSESSMENT_DEFAULT
small_cereals_msa|Barley|high|300.000|mg a.i./kg seed,Barley,300,mg a.i./kg seed,high,broadcast,small_cereals_msa,VUI 3622323,NA,NA,seed_use_number=1; status=ASSESSMENT_DEFAULT
small_cereals_msa|Barley|high|300.000|mg a.i./kg seed,Barley,300,mg a.i./kg seed,high,drill_spring,small_cereals_msa,VUI 3622323,NA,NA,seed_use_number=1; status=ASSESSMENT_DEFAULT
small_cereals_msa|Barley|high|300.000|mg a.i./kg seed,Barley,300,mg a.i./kg seed,high,drill_fall,small_cereals_msa,VUI 3622323,NA,NA,seed_use_number=1; status=ASSESSMENT_DEFAULT
small_cereals_msa|Barley|mid|200.000|mg a.i./kg seed,Barley,200,mg a.i./kg seed,mid,broadcast,small_cereals_msa,VUI 3622323,NA,NA,seed_use_number=1; status=ASSESSMENT_DEFAULT
small_cereals_msa|Barley|mid|200.000|mg a.i./kg seed,Barley,200,mg a.i./kg seed,mid,drill_spring,small_cereals_msa,VUI 3622323,NA,NA,seed_use_number=1; status=ASSESSMENT_DEFAULT
small_cereals_msa|Barley|mid|200.000|mg a.i./kg seed,Barley,200,mg a.i./kg seed,mid,drill_fall,small_cereals_msa,VUI 3622323,NA,NA,seed_use_number=1; status=ASSESSMENT_DEFAULT
small_cereals_msa|Barley|low|100.000|mg a.i./kg seed,Barley,100,mg a.i./kg seed,low,broadcast,small_cereals_msa,VUI 3622323,NA,NA,seed_use_number=1; status=ASSESSMENT_DEFAULT
small_cereals_msa|Barley|low|100.000|mg a.i./kg seed,Barley,100,mg a.i./kg seed,low,drill_spring,small_cereals_msa,VUI 3622323,NA,NA,seed_use_number=1; status=ASSESSMENT_DEFAULT
small_cereals_msa|Barley|low|100.000|mg a.i./kg seed,Barley,100,mg a.i./kg seed,low,drill_fall,small_cereals_msa,VUI 3622323,NA,NA,seed_use_number=1; status=ASSESSMENT_DEFAULT
small_cereals_msa|Rye|high|300.000|mg a.i./kg seed,Rye,300,mg a.i./kg seed,high,broadcast,small_cereals_msa,VUI 3622323,NA,NA,seed_use_number=2; status=ASSESSMENT_DEFAULT
small_cereals_msa|Rye|high|300.000|mg a.i./kg seed,Rye,300,mg a.i./kg seed,high,drill_spring,small_cereals_msa,VUI 3622323,NA,NA,seed_use_number=2; status=ASSESSMENT_DEFAULT
small_cereals_msa|Rye|high|300.000|mg a.i./kg seed,Rye,300,mg a.i./kg seed,high,drill_fall,small_cereals_msa,VUI 3622323,NA,NA,seed_use_number=2; status=ASSESSMENT_DEFAULT
small_cereals_msa|Rye|mid|200.000|mg a.i./kg seed,Rye,200,mg a.i./kg seed,mid,broadcast,small_cereals_msa,VUI 3622323,NA,NA,seed_use_number=2; status=ASSESSMENT_DEFAULT
small_cereals_msa|Rye|mid|200.000|mg a.i./kg seed,Rye,200,mg a.i./kg seed,mid,drill_spring,small_cereals_msa,VUI 3622323,NA,NA,seed_use_number=2; status=ASSESSMENT_DEFAULT
small_cereals_msa|Rye|mid|200.000|mg a.i./kg seed,Rye,200,mg a.i./kg seed,mid,drill_fall,small_cereals_msa,VUI 3622323,NA,NA,seed_use_number=2; status=ASSESSMENT_DEFAULT
small_cereals_msa|Rye|low|100.000|mg a.i./kg seed,Rye,100,mg a.i./kg seed,low,broadcast,small_cereals_msa,VUI 3622323,NA,NA,seed_use_number=2; status=ASSESSMENT_DEFAULT
small_cereals_msa|Rye|low|100.000|mg a.i./kg seed,Rye,100,mg a.i./kg seed,low,drill_spring,small_cereals_msa,VUI 3622323,NA,NA,seed_use_number=2; status=ASSESSMENT_DEFAULT
small_cereals_msa|Rye|low|100.000|mg a.i./kg seed,Rye,100,mg a.i./kg seed,low,drill_fall,small_cereals_msa,VUI 3622323,NA,NA,seed_use_number=2; status=ASSESSMENT_DEFAULT
small_cereals_msa|Triticale|high|300.000|mg a.i./kg seed,Triticale,300,mg a.i./kg seed,high,broadcast,small_cereals_msa,VUI 3622323,NA,NA,seed_use_number=3; status=ASSESSMENT_DEFAULT
small_cereals_msa|Triticale|high|300.000|mg a.i./kg seed,Triticale,300,mg a.i./kg seed,high,drill_spring,small_cereals_msa,VUI 3622323,NA,NA,seed_use_number=3; status=ASSESSMENT_DEFAULT
small_cereals_msa|Triticale|high|300.000|mg a.i./kg seed,Triticale,300,mg a.i./kg seed,high,drill_fall,small_cereals_msa,VUI 3622323,NA,NA,seed_use_number=3; status=ASSESSMENT_DEFAULT
small_cereals_msa|Triticale|mid|200.000|mg a.i./kg seed,Triticale,200,mg a.i./kg seed,mid,broadcast,small_cereals_msa,VUI 3622323,NA,NA,seed_use_number=3; status=ASSESSMENT_DEFAULT
small_cereals_msa|Triticale|mid|200.000|mg a.i./kg seed,Triticale,200,mg a.i./kg seed,mid,drill_spring,small_cereals_msa,VUI 3622323,NA,NA,seed_use_number=3; status=ASSESSMENT_DEFAULT
small_cereals_msa|Triticale|mid|200.000|mg a.i./kg seed,Triticale,200,mg a.i./kg seed,mid,drill_fall,small_cereals_msa,VUI 3622323,NA,NA,seed_use_number=3; status=ASSESSMENT_DEFAULT
small_cereals_msa|Triticale|low|100.000|mg a.i./kg seed,Triticale,100,mg a.i./kg seed,low,broadcast,small_cereals_msa,VUI 3622323,NA,NA,seed_use_number=3; status=ASSESSMENT_DEFAULT
small_cereals_msa|Triticale|low|100.000|mg a.i./kg seed,Triticale,100,mg a.i./kg seed,low,drill_spring,small_cereals_msa,VUI 3622323,NA,NA,seed_use_number=3; status=ASSESSMENT_DEFAULT
small_cereals_msa|Triticale|low|100.000|mg a.i./kg seed,Triticale,100,mg a.i./kg seed,low,drill_fall,small_cereals_msa,VUI 3622323,NA,NA,seed_use_number=3; status=ASSESSMENT_DEFAULT
"small_cereals_msa|Wheat, Durum|high|300.000|mg a.i./kg seed","Wheat, Durum",300,mg a.i./kg seed,high,broadcast,small_cereals_msa,VUI 3622323,NA,NA,seed_use_number=4; status=ASSESSMENT_DEFAULT
"small_cereals_msa|Wheat, Durum|high|300.000|mg a.i./kg seed","Wheat, Durum",300,mg a.i./kg seed,high,drill_spring,small_cereals_msa,VUI 3622323,NA,NA,seed_use_number=4; status=ASSESSMENT_DEFAULT
"small_cereals_msa|Wheat, Durum|high|300.000|mg a.i./kg seed","Wheat, Durum",300,mg a.i./kg seed,high,drill_fall,small_cereals_msa,VUI 3622323,NA,NA,seed_use_number=4; status=ASSESSMENT_DEFAULT
"small_cereals_msa|Wheat, Durum|mid|200.000|mg a.i./kg seed","Wheat, Durum",200,mg a.i./kg seed,mid,broadcast,small_cereals_msa,VUI 3622323,NA,NA,seed_use_number=4; status=ASSESSMENT_DEFAULT
"small_cereals_msa|Wheat, Durum|mid|200.000|mg a.i./kg seed","Wheat, Durum",200,mg a.i./kg seed,mid,drill_spring,small_cereals_msa,VUI 3622323,NA,NA,seed_use_number=4; status=ASSESSMENT_DEFAULT
"small_cereals_msa|Wheat, Durum|mid|200.000|mg a.i./kg seed","Wheat, Durum",200,mg a.i./kg seed,mid,drill_fall,small_cereals_msa,VUI 3622323,NA,NA,seed_use_number=4; status=ASSESSMENT_DEFAULT
"small_cereals_msa|Wheat, Durum|low|100.000|mg a.i./kg seed","Wheat, Durum",100,mg a.i./kg seed,low,broadcast,small_cereals_msa,VUI 3622323,NA,NA,seed_use_number=4; status=ASSESSMENT_DEFAULT
"small_cereals_msa|Wheat, Durum|low|100.000|mg a.i./kg seed","Wheat, Durum",100,mg a.i./kg seed,low,drill_spring,small_cereals_msa,VUI 3622323,NA,NA,seed_use_number=4; status=ASSESSMENT_DEFAULT
"small_cereals_msa|Wheat, Durum|low|100.000|mg a.i./kg seed","Wheat, Durum",100,mg a.i./kg seed,low,drill_fall,small_cereals_msa,VUI 3622323,NA,NA,seed_use_number=4; status=ASSESSMENT_DEFAULT
"small_cereals_msa|Wheat, spring (non-durum)|high|300.000|mg a.i./kg seed","Wheat, spring (non-durum)",300,mg a.i./kg seed,high,broadcast,small_cereals_msa,VUI 3622323,NA,NA,seed_use_number=5; status=ASSESSMENT_DEFAULT
"small_cereals_msa|Wheat, spring (non-durum)|high|300.000|mg a.i./kg seed","Wheat, spring (non-durum)",300,mg a.i./kg seed,high,drill_spring,small_cereals_msa,VUI 3622323,NA,NA,seed_use_number=5; status=ASSESSMENT_DEFAULT
"small_cereals_msa|Wheat, spring (non-durum)|high|300.000|mg a.i./kg seed","Wheat, spring (non-durum)",300,mg a.i./kg seed,high,drill_fall,small_cereals_msa,VUI 3622323,NA,NA,seed_use_number=5; status=ASSESSMENT_DEFAULT
"small_cereals_msa|Wheat, spring (non-durum)|mid|200.000|mg a.i./kg seed","Wheat, spring (non-durum)",200,mg a.i./kg seed,mid,broadcast,small_cereals_msa,VUI 3622323,NA,NA,seed_use_number=5; status=ASSESSMENT_DEFAULT
"small_cereals_msa|Wheat, spring (non-durum)|mid|200.000|mg a.i./kg seed","Wheat, spring (non-durum)",200,mg a.i./kg seed,mid,drill_spring,small_cereals_msa,VUI 3622323,NA,NA,seed_use_number=5; status=ASSESSMENT_DEFAULT
"small_cereals_msa|Wheat, spring (non-durum)|mid|200.000|mg a.i./kg seed","Wheat, spring (non-durum)",200,mg a.i./kg seed,mid,drill_fall,small_cereals_msa,VUI 3622323,NA,NA,seed_use_number=5; status=ASSESSMENT_DEFAULT
"small_cereals_msa|Wheat, spring (non-durum)|low|100.000|mg a.i./kg seed","Wheat, spring (non-durum)",100,mg a.i./kg seed,low,broadcast,small_cereals_msa,VUI 3622323,NA,NA,seed_use_number=5; status=ASSESSMENT_DEFAULT
"small_cereals_msa|Wheat, spring (non-durum)|low|100.000|mg a.i./kg seed","Wheat, spring (non-durum)",100,mg a.i./kg seed,low,drill_spring,small_cereals_msa,VUI 3622323,NA,NA,seed_use_number=5; status=ASSESSMENT_DEFAULT
"small_cereals_msa|Wheat, spring (non-durum)|low|100.000|mg a.i./kg seed","Wheat, spring (non-durum)",100,mg a.i./kg seed,low,drill_fall,small_cereals_msa,VUI 3622323,NA,NA,seed_use_number=5; status=ASSESSMENT_DEFAULT
"small_cereals_msa|Wheat, winter (non-durum)|high|300.000|mg a.i./kg seed","Wheat, winter (non-durum)",300,mg a.i./kg seed,high,broadcast,small_cereals_msa,VUI 3622323,NA,NA,seed_use_number=6; status=ASSESSMENT_DEFAULT
"small_cereals_msa|Wheat, winter (non-durum)|high|300.000|mg a.i./kg seed","Wheat, winter (non-durum)",300,mg a.i./kg seed,high,drill_spring,small_cereals_msa,VUI 3622323,NA,NA,seed_use_number=6; status=ASSESSMENT_DEFAULT
"small_cereals_msa|Wheat, winter (non-durum)|high|300.000|mg a.i./kg seed","Wheat, winter (non-durum)",300,mg a.i./kg seed,high,drill_fall,small_cereals_msa,VUI 3622323,NA,NA,seed_use_number=6; status=ASSESSMENT_DEFAULT
"small_cereals_msa|Wheat, winter (non-durum)|mid|200.000|mg a.i./kg seed","Wheat, winter (non-durum)",200,mg a.i./kg seed,mid,broadcast,small_cereals_msa,VUI 3622323,NA,NA,seed_use_number=6; status=ASSESSMENT_DEFAULT
"small_cereals_msa|Wheat, winter (non-durum)|mid|200.000|mg a.i./kg seed","Wheat, winter (non-durum)",200,mg a.i./kg seed,mid,drill_spring,small_cereals_msa,VUI 3622323,NA,NA,seed_use_number=6; status=ASSESSMENT_DEFAULT
"small_cereals_msa|Wheat, winter (non-durum)|mid|200.000|mg a.i./kg seed","Wheat, winter (non-durum)",200,mg a.i./kg seed,mid,drill_fall,small_cereals_msa,VUI 3622323,NA,NA,seed_use_number=6; status=ASSESSMENT_DEFAULT
"small_cereals_msa|Wheat, winter (non-durum)|low|100.000|mg a.i./kg seed","Wheat, winter (non-durum)",100,mg a.i./kg seed,low,broadcast,small_cereals_msa,VUI 3622323,NA,NA,seed_use_number=6; status=ASSESSMENT_DEFAULT
"small_cereals_msa|Wheat, winter (non-durum)|low|100.000|mg a.i./kg seed","Wheat, winter (non-durum)",100,mg a.i./kg seed,low,drill_spring,small_cereals_msa,VUI 3622323,NA,NA,seed_use_number=6; status=ASSESSMENT_DEFAULT
"small_cereals_msa|Wheat, winter (non-durum)|low|100.000|mg a.i./kg seed","Wheat, winter (non-durum)",100,mg a.i./kg seed,low,drill_fall,small_cereals_msa,VUI 3622323,NA,NA,seed_use_number=6; status=ASSESSMENT_DEFAULT
small_cereals_msa|Buckwheat|high|300.000|mg a.i./kg seed,Buckwheat,300,mg a.i./kg seed,high,broadcast,small_cereals_msa,VUI 3622323,NA,NA,seed_use_number=7; status=ASSESSMENT_DEFAULT
small_cereals_msa|Buckwheat|high|300.000|mg a.i./kg seed,Buckwheat,300,mg a.i./kg seed,high,drill_spring,small_cereals_msa,VUI 3622323,NA,NA,seed_use_number=7; status=ASSESSMENT_DEFAULT
small_cereals_msa|Buckwheat|mid|200.000|mg a.i./kg seed,Buckwheat,200,mg a.i./kg seed,mid,broadcast,small_cereals_msa,VUI 3622323,NA,NA,seed_use_number=7; status=ASSESSMENT_DEFAULT
small_cereals_msa|Buckwheat|mid|200.000|mg a.i./kg seed,Buckwheat,200,mg a.i./kg seed,mid,drill_spring,small_cereals_msa,VUI 3622323,NA,NA,seed_use_number=7; status=ASSESSMENT_DEFAULT
small_cereals_msa|Buckwheat|low|100.000|mg a.i./kg seed,Buckwheat,100,mg a.i./kg seed,low,broadcast,small_cereals_msa,VUI 3622323,NA,NA,seed_use_number=7; status=ASSESSMENT_DEFAULT
small_cereals_msa|Buckwheat|low|100.000|mg a.i./kg seed,Buckwheat,100,mg a.i./kg seed,low,drill_spring,small_cereals_msa,VUI 3622323,NA,NA,seed_use_number=7; status=ASSESSMENT_DEFAULT
small_cereals_msa|Sorghum|high|300.000|mg a.i./kg seed,Sorghum,300,mg a.i./kg seed,high,broadcast,small_cereals_msa,VUI 3622323,NA,NA,seed_use_number=8; status=ASSESSMENT_DEFAULT
small_cereals_msa|Sorghum|high|300.000|mg a.i./kg seed,Sorghum,300,mg a.i./kg seed,high,drill_spring,small_cereals_msa,VUI 3622323,NA,NA,seed_use_number=8; status=ASSESSMENT_DEFAULT
small_cereals_msa|Sorghum|mid|200.000|mg a.i./kg seed,Sorghum,200,mg a.i./kg seed,mid,broadcast,small_cereals_msa,VUI 3622323,NA,NA,seed_use_number=8; status=ASSESSMENT_DEFAULT
small_cereals_msa|Sorghum|mid|200.000|mg a.i./kg seed,Sorghum,200,mg a.i./kg seed,mid,drill_spring,small_cereals_msa,VUI 3622323,NA,NA,seed_use_number=8; status=ASSESSMENT_DEFAULT
small_cereals_msa|Sorghum|low|100.000|mg a.i./kg seed,Sorghum,100,mg a.i./kg seed,low,broadcast,small_cereals_msa,VUI 3622323,NA,NA,seed_use_number=8; status=ASSESSMENT_DEFAULT
small_cereals_msa|Sorghum|low|100.000|mg a.i./kg seed,Sorghum,100,mg a.i./kg seed,low,drill_spring,small_cereals_msa,VUI 3622323,NA,NA,seed_use_number=8; status=ASSESSMENT_DEFAULT
small_cereals_msa|Oat|high|200.000|mg a.i./kg seed,Oat,200,mg a.i./kg seed,high,broadcast,small_cereals_msa,VUI 3622323,NA,NA,seed_use_number=9; status=ASSESSMENT_DEFAULT
small_cereals_msa|Oat|high|200.000|mg a.i./kg seed,Oat,200,mg a.i./kg seed,high,drill_spring,small_cereals_msa,VUI 3622323,NA,NA,seed_use_number=9; status=ASSESSMENT_DEFAULT
small_cereals_msa|Oat|high|200.000|mg a.i./kg seed,Oat,200,mg a.i./kg seed,high,drill_fall,small_cereals_msa,VUI 3622323,NA,NA,seed_use_number=9; status=ASSESSMENT_DEFAULT
"small_cereals_msa|Millet, pearl|high|300.000|mg a.i./kg seed","Millet, pearl",300,mg a.i./kg seed,high,broadcast,small_cereals_msa,VUI 3622323,NA,NA,seed_use_number=10; status=ASSESSMENT_DEFAULT
"small_cereals_msa|Millet, pearl|high|300.000|mg a.i./kg seed","Millet, pearl",300,mg a.i./kg seed,high,drill_spring,small_cereals_msa,VUI 3622323,NA,NA,seed_use_number=10; status=ASSESSMENT_DEFAULT
"small_cereals_msa|Millet, pearl|high|300.000|mg a.i./kg seed","Millet, pearl",300,mg a.i./kg seed,high,precision,small_cereals_msa,VUI 3622323,NA,NA,seed_use_number=10; status=ASSESSMENT_DEFAULT
"small_cereals_msa|Millet, pearl|mid|200.000|mg a.i./kg seed","Millet, pearl",200,mg a.i./kg seed,mid,broadcast,small_cereals_msa,VUI 3622323,NA,NA,seed_use_number=10; status=ASSESSMENT_DEFAULT
"small_cereals_msa|Millet, pearl|mid|200.000|mg a.i./kg seed","Millet, pearl",200,mg a.i./kg seed,mid,drill_spring,small_cereals_msa,VUI 3622323,NA,NA,seed_use_number=10; status=ASSESSMENT_DEFAULT
"small_cereals_msa|Millet, pearl|mid|200.000|mg a.i./kg seed","Millet, pearl",200,mg a.i./kg seed,mid,precision,small_cereals_msa,VUI 3622323,NA,NA,seed_use_number=10; status=ASSESSMENT_DEFAULT
"small_cereals_msa|Millet, pearl|low|100.000|mg a.i./kg seed","Millet, pearl",100,mg a.i./kg seed,low,broadcast,small_cereals_msa,VUI 3622323,NA,NA,seed_use_number=10; status=ASSESSMENT_DEFAULT
"small_cereals_msa|Millet, pearl|low|100.000|mg a.i./kg seed","Millet, pearl",100,mg a.i./kg seed,low,drill_spring,small_cereals_msa,VUI 3622323,NA,NA,seed_use_number=10; status=ASSESSMENT_DEFAULT
"small_cereals_msa|Millet, pearl|low|100.000|mg a.i./kg seed","Millet, pearl",100,mg a.i./kg seed,low,precision,small_cereals_msa,VUI 3622323,NA,NA,seed_use_number=10; status=ASSESSMENT_DEFAULT
"small_cereals_msa|Millet, proso|high|300.000|mg a.i./kg seed","Millet, proso",300,mg a.i./kg seed,high,broadcast,small_cereals_msa,VUI 3622323,NA,NA,seed_use_number=11; status=ASSESSMENT_DEFAULT
"small_cereals_msa|Millet, proso|high|300.000|mg a.i./kg seed","Millet, proso",300,mg a.i./kg seed,high,drill_spring,small_cereals_msa,VUI 3622323,NA,NA,seed_use_number=11; status=ASSESSMENT_DEFAULT
"small_cereals_msa|Millet, proso|high|300.000|mg a.i./kg seed","Millet, proso",300,mg a.i./kg seed,high,precision,small_cereals_msa,VUI 3622323,NA,NA,seed_use_number=11; status=ASSESSMENT_DEFAULT
"small_cereals_msa|Millet, proso|mid|200.000|mg a.i./kg seed","Millet, proso",200,mg a.i./kg seed,mid,broadcast,small_cereals_msa,VUI 3622323,NA,NA,seed_use_number=11; status=ASSESSMENT_DEFAULT
"small_cereals_msa|Millet, proso|mid|200.000|mg a.i./kg seed","Millet, proso",200,mg a.i./kg seed,mid,drill_spring,small_cereals_msa,VUI 3622323,NA,NA,seed_use_number=11; status=ASSESSMENT_DEFAULT
"small_cereals_msa|Millet, proso|mid|200.000|mg a.i./kg seed","Millet, proso",200,mg a.i./kg seed,mid,precision,small_cereals_msa,VUI 3622323,NA,NA,seed_use_number=11; status=ASSESSMENT_DEFAULT
"small_cereals_msa|Millet, proso|low|100.000|mg a.i./kg seed","Millet, proso",100,mg a.i./kg seed,low,broadcast,small_cereals_msa,VUI 3622323,NA,NA,seed_use_number=11; status=ASSESSMENT_DEFAULT
"small_cereals_msa|Millet, proso|low|100.000|mg a.i./kg seed","Millet, proso",100,mg a.i./kg seed,low,drill_spring,small_cereals_msa,VUI 3622323,NA,NA,seed_use_number=11; status=ASSESSMENT_DEFAULT
"small_cereals_msa|Millet, proso|low|100.000|mg a.i./kg seed","Millet, proso",100,mg a.i./kg seed,low,precision,small_cereals_msa,VUI 3622323,NA,NA,seed_use_number=11; status=ASSESSMENT_DEFAULT
"canola|Mustard, yellow|high|4035.000|mg a.i./kg seed","Mustard, yellow",4035,mg a.i./kg seed,high,broadcast,canola,VUI 3622323,NA,NA,seed_use_number=1; status=ASSESSMENT_DEFAULT
"canola|Mustard, yellow|high|4035.000|mg a.i./kg seed","Mustard, yellow",4035,mg a.i./kg seed,high,drill_spring,canola,VUI 3622323,NA,NA,seed_use_number=1; status=ASSESSMENT_DEFAULT
"canola|Mustard, yellow|high|4035.000|mg a.i./kg seed","Mustard, yellow",4035,mg a.i./kg seed,high,drill_fall,canola,VUI 3622323,NA,NA,seed_use_number=1; status=ASSESSMENT_DEFAULT
"canola|Mustard, yellow|mid|4000.000|mg a.i./kg seed","Mustard, yellow",4000,mg a.i./kg seed,mid,broadcast,canola,VUI 3622323,NA,NA,seed_use_number=1; status=ASSESSMENT_DEFAULT
"canola|Mustard, yellow|mid|4000.000|mg a.i./kg seed","Mustard, yellow",4000,mg a.i./kg seed,mid,drill_spring,canola,VUI 3622323,NA,NA,seed_use_number=1; status=ASSESSMENT_DEFAULT
"canola|Mustard, yellow|mid|4000.000|mg a.i./kg seed","Mustard, yellow",4000,mg a.i./kg seed,mid,drill_fall,canola,VUI 3622323,NA,NA,seed_use_number=1; status=ASSESSMENT_DEFAULT
"canola|Mustard, yellow|low|2000.000|mg a.i./kg seed","Mustard, yellow",2000,mg a.i./kg seed,low,broadcast,canola,VUI 3622323,NA,NA,seed_use_number=1; status=ASSESSMENT_DEFAULT
"canola|Mustard, yellow|low|2000.000|mg a.i./kg seed","Mustard, yellow",2000,mg a.i./kg seed,low,drill_spring,canola,VUI 3622323,NA,NA,seed_use_number=1; status=ASSESSMENT_DEFAULT
"canola|Mustard, yellow|low|2000.000|mg a.i./kg seed","Mustard, yellow",2000,mg a.i./kg seed,low,drill_fall,canola,VUI 3622323,NA,NA,seed_use_number=1; status=ASSESSMENT_DEFAULT
"canola|Mustard, brown and oriental|high|4035.000|mg a.i./kg seed","Mustard, brown and oriental",4035,mg a.i./kg seed,high,broadcast,canola,VUI 3622323,NA,NA,seed_use_number=2; status=ASSESSMENT_DEFAULT
"canola|Mustard, brown and oriental|high|4035.000|mg a.i./kg seed","Mustard, brown and oriental",4035,mg a.i./kg seed,high,drill_spring,canola,VUI 3622323,NA,NA,seed_use_number=2; status=ASSESSMENT_DEFAULT
"canola|Mustard, brown and oriental|high|4035.000|mg a.i./kg seed","Mustard, brown and oriental",4035,mg a.i./kg seed,high,drill_fall,canola,VUI 3622323,NA,NA,seed_use_number=2; status=ASSESSMENT_DEFAULT
"canola|Mustard, brown and oriental|mid|4000.000|mg a.i./kg seed","Mustard, brown and oriental",4000,mg a.i./kg seed,mid,broadcast,canola,VUI 3622323,NA,NA,seed_use_number=2; status=ASSESSMENT_DEFAULT
"canola|Mustard, brown and oriental|mid|4000.000|mg a.i./kg seed","Mustard, brown and oriental",4000,mg a.i./kg seed,mid,drill_spring,canola,VUI 3622323,NA,NA,seed_use_number=2; status=ASSESSMENT_DEFAULT
"canola|Mustard, brown and oriental|mid|4000.000|mg a.i./kg seed","Mustard, brown and oriental",4000,mg a.i./kg seed,mid,drill_fall,canola,VUI 3622323,NA,NA,seed_use_number=2; status=ASSESSMENT_DEFAULT
"canola|Mustard, brown and oriental|low|2000.000|mg a.i./kg seed","Mustard, brown and oriental",2000,mg a.i./kg seed,low,broadcast,canola,VUI 3622323,NA,NA,seed_use_number=2; status=ASSESSMENT_DEFAULT
"canola|Mustard, brown and oriental|low|2000.000|mg a.i./kg seed","Mustard, brown and oriental",2000,mg a.i./kg seed,low,drill_spring,canola,VUI 3622323,NA,NA,seed_use_number=2; status=ASSESSMENT_DEFAULT
"canola|Mustard, brown and oriental|low|2000.000|mg a.i./kg seed","Mustard, brown and oriental",2000,mg a.i./kg seed,low,drill_fall,canola,VUI 3622323,NA,NA,seed_use_number=2; status=ASSESSMENT_DEFAULT
"canola|Mustard, oilseed, broadcast seeding|high|4035.000|mg a.i./kg seed","Mustard, oilseed, broadcast seeding",4035,mg a.i./kg seed,high,broadcast,canola,VUI 3622323,NA,NA,seed_use_number=3; status=ASSESSMENT_DEFAULT
"canola|Mustard, oilseed, broadcast seeding|mid|4000.000|mg a.i./kg seed","Mustard, oilseed, broadcast seeding",4000,mg a.i./kg seed,mid,broadcast,canola,VUI 3622323,NA,NA,seed_use_number=3; status=ASSESSMENT_DEFAULT
"canola|Mustard, oilseed, broadcast seeding|low|2000.000|mg a.i./kg seed","Mustard, oilseed, broadcast seeding",2000,mg a.i./kg seed,low,broadcast,canola,VUI 3622323,NA,NA,seed_use_number=3; status=ASSESSMENT_DEFAULT
"canola|Mustard, oilseed, standard planting|high|4035.000|mg a.i./kg seed","Mustard, oilseed, standard planting",4035,mg a.i./kg seed,high,drill_spring,canola,VUI 3622323,NA,NA,seed_use_number=4; status=ASSESSMENT_DEFAULT
"canola|Mustard, oilseed, standard planting|high|4035.000|mg a.i./kg seed","Mustard, oilseed, standard planting",4035,mg a.i./kg seed,high,drill_fall,canola,VUI 3622323,NA,NA,seed_use_number=4; status=ASSESSMENT_DEFAULT
"canola|Mustard, oilseed, standard planting|mid|4000.000|mg a.i./kg seed","Mustard, oilseed, standard planting",4000,mg a.i./kg seed,mid,drill_spring,canola,VUI 3622323,NA,NA,seed_use_number=4; status=ASSESSMENT_DEFAULT
"canola|Mustard, oilseed, standard planting|mid|4000.000|mg a.i./kg seed","Mustard, oilseed, standard planting",4000,mg a.i./kg seed,mid,drill_fall,canola,VUI 3622323,NA,NA,seed_use_number=4; status=ASSESSMENT_DEFAULT
"canola|Mustard, oilseed, standard planting|low|2000.000|mg a.i./kg seed","Mustard, oilseed, standard planting",2000,mg a.i./kg seed,low,drill_spring,canola,VUI 3622323,NA,NA,seed_use_number=4; status=ASSESSMENT_DEFAULT
"canola|Mustard, oilseed, standard planting|low|2000.000|mg a.i./kg seed","Mustard, oilseed, standard planting",2000,mg a.i./kg seed,low,drill_fall,canola,VUI 3622323,NA,NA,seed_use_number=4; status=ASSESSMENT_DEFAULT
"canola|Canola/rapeseed, all varieties, broadcast seeding|high|4035.000|mg a.i./kg seed","Canola/rapeseed, all varieties, broadcast seeding",4035,mg a.i./kg seed,high,broadcast,canola,VUI 3622323,NA,NA,seed_use_number=5; status=ASSESSMENT_DEFAULT
"canola|Canola/rapeseed, all varieties, broadcast seeding|mid|4000.000|mg a.i./kg seed","Canola/rapeseed, all varieties, broadcast seeding",4000,mg a.i./kg seed,mid,broadcast,canola,VUI 3622323,NA,NA,seed_use_number=5; status=ASSESSMENT_DEFAULT
"canola|Canola/rapeseed, all varieties, broadcast seeding|low|2000.000|mg a.i./kg seed","Canola/rapeseed, all varieties, broadcast seeding",2000,mg a.i./kg seed,low,broadcast,canola,VUI 3622323,NA,NA,seed_use_number=5; status=ASSESSMENT_DEFAULT
"canola|Canola/rapeseed, all varieties, standard seeding|high|4035.000|mg a.i./kg seed","Canola/rapeseed, all varieties, standard seeding",4035,mg a.i./kg seed,high,drill_spring,canola,VUI 3622323,NA,NA,seed_use_number=6; status=ASSESSMENT_DEFAULT
"canola|Canola/rapeseed, all varieties, standard seeding|high|4035.000|mg a.i./kg seed","Canola/rapeseed, all varieties, standard seeding",4035,mg a.i./kg seed,high,drill_fall,canola,VUI 3622323,NA,NA,seed_use_number=6; status=ASSESSMENT_DEFAULT
"canola|Canola/rapeseed, all varieties, standard seeding|mid|4000.000|mg a.i./kg seed","Canola/rapeseed, all varieties, standard seeding",4000,mg a.i./kg seed,mid,drill_spring,canola,VUI 3622323,NA,NA,seed_use_number=6; status=ASSESSMENT_DEFAULT
"canola|Canola/rapeseed, all varieties, standard seeding|mid|4000.000|mg a.i./kg seed","Canola/rapeseed, all varieties, standard seeding",4000,mg a.i./kg seed,mid,drill_fall,canola,VUI 3622323,NA,NA,seed_use_number=6; status=ASSESSMENT_DEFAULT
"canola|Canola/rapeseed, all varieties, standard seeding|low|2000.000|mg a.i./kg seed","Canola/rapeseed, all varieties, standard seeding",2000,mg a.i./kg seed,low,drill_spring,canola,VUI 3622323,NA,NA,seed_use_number=6; status=ASSESSMENT_DEFAULT
"canola|Canola/rapeseed, all varieties, standard seeding|low|2000.000|mg a.i./kg seed","Canola/rapeseed, all varieties, standard seeding",2000,mg a.i./kg seed,low,drill_fall,canola,VUI 3622323,NA,NA,seed_use_number=6; status=ASSESSMENT_DEFAULT
"legumes_deep|Bean, broad/faba, large-seeded|high|500.000|mg a.i./kg seed","Bean, broad/faba, large-seeded",500,mg a.i./kg seed,high,drill_spring,legumes_deep,VUI 3622323,NA,NA,seed_use_number=1; status=ASSESSMENT_DEFAULT
"legumes_deep|Bean, broad/faba, large-seeded|high|500.000|mg a.i./kg seed","Bean, broad/faba, large-seeded",500,mg a.i./kg seed,high,precision,legumes_deep,VUI 3622323,NA,NA,seed_use_number=1; status=ASSESSMENT_DEFAULT
"legumes_deep|Bean, broad/faba, large-seeded|mid|300.000|mg a.i./kg seed","Bean, broad/faba, large-seeded",300,mg a.i./kg seed,mid,drill_spring,legumes_deep,VUI 3622323,NA,NA,seed_use_number=1; status=ASSESSMENT_DEFAULT
"legumes_deep|Bean, broad/faba, large-seeded|mid|300.000|mg a.i./kg seed","Bean, broad/faba, large-seeded",300,mg a.i./kg seed,mid,precision,legumes_deep,VUI 3622323,NA,NA,seed_use_number=1; status=ASSESSMENT_DEFAULT
"legumes_deep|Bean, broad/faba, large-seeded|low|100.000|mg a.i./kg seed","Bean, broad/faba, large-seeded",100,mg a.i./kg seed,low,drill_spring,legumes_deep,VUI 3622323,NA,NA,seed_use_number=1; status=ASSESSMENT_DEFAULT
"legumes_deep|Bean, broad/faba, large-seeded|low|100.000|mg a.i./kg seed","Bean, broad/faba, large-seeded",100,mg a.i./kg seed,low,precision,legumes_deep,VUI 3622323,NA,NA,seed_use_number=1; status=ASSESSMENT_DEFAULT
"legumes_deep|Bean, broad/faba, small-seeded|high|560.000|mg a.i./kg seed","Bean, broad/faba, small-seeded",560,mg a.i./kg seed,high,drill_spring,legumes_deep,VUI 3622323,NA,NA,seed_use_number=2; status=ASSESSMENT_DEFAULT
"legumes_deep|Bean, broad/faba, small-seeded|high|560.000|mg a.i./kg seed","Bean, broad/faba, small-seeded",560,mg a.i./kg seed,high,precision,legumes_deep,VUI 3622323,NA,NA,seed_use_number=2; status=ASSESSMENT_DEFAULT
"legumes_deep|Bean, broad/faba, small-seeded|mid|300.000|mg a.i./kg seed","Bean, broad/faba, small-seeded",300,mg a.i./kg seed,mid,drill_spring,legumes_deep,VUI 3622323,NA,NA,seed_use_number=2; status=ASSESSMENT_DEFAULT
"legumes_deep|Bean, broad/faba, small-seeded|mid|300.000|mg a.i./kg seed","Bean, broad/faba, small-seeded",300,mg a.i./kg seed,mid,precision,legumes_deep,VUI 3622323,NA,NA,seed_use_number=2; status=ASSESSMENT_DEFAULT
"legumes_deep|Bean, broad/faba, small-seeded|low|100.000|mg a.i./kg seed","Bean, broad/faba, small-seeded",100,mg a.i./kg seed,low,drill_spring,legumes_deep,VUI 3622323,NA,NA,seed_use_number=2; status=ASSESSMENT_DEFAULT
"legumes_deep|Bean, broad/faba, small-seeded|low|100.000|mg a.i./kg seed","Bean, broad/faba, small-seeded",100,mg a.i./kg seed,low,precision,legumes_deep,VUI 3622323,NA,NA,seed_use_number=2; status=ASSESSMENT_DEFAULT
"legumes_deep|Bean, broad/faba, small-seeded|high|0.076|mg a.i./seed","Bean, broad/faba, small-seeded",0.076,mg a.i./seed,high,drill_spring,legumes_deep,"CRUISER® 5FS Seed Treatment label, Reg. No. 27045",NA,NA,seed_use_number=3; status=ASSESSMENT_DEFAULT
"legumes_deep|Bean, broad/faba, small-seeded|high|0.076|mg a.i./seed","Bean, broad/faba, small-seeded",0.076,mg a.i./seed,high,precision,legumes_deep,"CRUISER® 5FS Seed Treatment label, Reg. No. 27045",NA,NA,seed_use_number=3; status=ASSESSMENT_DEFAULT
"legumes_deep|Bean, broad/faba, small-seeded|low|0.045|mg a.i./seed","Bean, broad/faba, small-seeded",0.045,mg a.i./seed,low,drill_spring,legumes_deep,"CRUISER® 5FS Seed Treatment label, Reg. No. 27045",NA,NA,seed_use_number=3; status=ASSESSMENT_DEFAULT
"legumes_deep|Bean, broad/faba, small-seeded|low|0.045|mg a.i./seed","Bean, broad/faba, small-seeded",0.045,mg a.i./seed,low,precision,legumes_deep,"CRUISER® 5FS Seed Treatment label, Reg. No. 27045",NA,NA,seed_use_number=3; status=ASSESSMENT_DEFAULT
"legumes_deep|Bean, coloured excluding kidney and cranberry , narrow row/solid seeding|high|0.076|mg a.i./seed","Bean, coloured excluding kidney and cranberry , narrow row/solid seeding",0.076,mg a.i./seed,high,drill_spring,legumes_deep,VUI 3622323,NA,NA,seed_use_number=4; status=ASSESSMENT_DEFAULT
"legumes_deep|Bean, coloured excluding kidney and cranberry , narrow row/solid seeding|high|0.076|mg a.i./seed","Bean, coloured excluding kidney and cranberry , narrow row/solid seeding",0.076,mg a.i./seed,high,precision,legumes_deep,VUI 3622323,NA,NA,seed_use_number=4; status=ASSESSMENT_DEFAULT
"legumes_deep|Bean, coloured excluding kidney and cranberry , narrow row/solid seeding|low|0.045|mg a.i./seed","Bean, coloured excluding kidney and cranberry , narrow row/solid seeding",0.045,mg a.i./seed,low,drill_spring,legumes_deep,VUI 3622323,NA,NA,seed_use_number=4; status=ASSESSMENT_DEFAULT
"legumes_deep|Bean, coloured excluding kidney and cranberry , narrow row/solid seeding|low|0.045|mg a.i./seed","Bean, coloured excluding kidney and cranberry , narrow row/solid seeding",0.045,mg a.i./seed,low,precision,legumes_deep,VUI 3622323,NA,NA,seed_use_number=4; status=ASSESSMENT_DEFAULT
"legumes_deep|Bean, coloured excluding kidney and cranberry , narrow row/solid seeding|high|560.000|mg a.i./kg seed","Bean, coloured excluding kidney and cranberry , narrow row/solid seeding",560,mg a.i./kg seed,high,drill_spring,legumes_deep,VUI 3622323,NA,NA,seed_use_number=5; status=ASSESSMENT_DEFAULT
"legumes_deep|Bean, coloured excluding kidney and cranberry , narrow row/solid seeding|high|560.000|mg a.i./kg seed","Bean, coloured excluding kidney and cranberry , narrow row/solid seeding",560,mg a.i./kg seed,high,precision,legumes_deep,VUI 3622323,NA,NA,seed_use_number=5; status=ASSESSMENT_DEFAULT
"legumes_deep|Bean, coloured excluding kidney and cranberry , narrow row/solid seeding|mid|500.000|mg a.i./kg seed","Bean, coloured excluding kidney and cranberry , narrow row/solid seeding",500,mg a.i./kg seed,mid,drill_spring,legumes_deep,VUI 3622323,NA,NA,seed_use_number=5; status=ASSESSMENT_DEFAULT
"legumes_deep|Bean, coloured excluding kidney and cranberry , narrow row/solid seeding|mid|500.000|mg a.i./kg seed","Bean, coloured excluding kidney and cranberry , narrow row/solid seeding",500,mg a.i./kg seed,mid,precision,legumes_deep,VUI 3622323,NA,NA,seed_use_number=5; status=ASSESSMENT_DEFAULT
"legumes_deep|Bean, coloured excluding kidney and cranberry , narrow row/solid seeding|low|300.000|mg a.i./kg seed","Bean, coloured excluding kidney and cranberry , narrow row/solid seeding",300,mg a.i./kg seed,low,drill_spring,legumes_deep,VUI 3622323,NA,NA,seed_use_number=5; status=ASSESSMENT_DEFAULT
"legumes_deep|Bean, coloured excluding kidney and cranberry , narrow row/solid seeding|low|300.000|mg a.i./kg seed","Bean, coloured excluding kidney and cranberry , narrow row/solid seeding",300,mg a.i./kg seed,low,precision,legumes_deep,VUI 3622323,NA,NA,seed_use_number=5; status=ASSESSMENT_DEFAULT
"legumes_deep|Bean, coloured excluding kidney and cranberry , wide row/standard planting|high|0.076|mg a.i./seed","Bean, coloured excluding kidney and cranberry , wide row/standard planting",0.076,mg a.i./seed,high,drill_spring,legumes_deep,"CRUISER® 5FS Seed Treatment label, Reg. No. 27045",NA,NA,seed_use_number=6; status=ASSESSMENT_DEFAULT
"legumes_deep|Bean, coloured excluding kidney and cranberry , wide row/standard planting|high|0.076|mg a.i./seed","Bean, coloured excluding kidney and cranberry , wide row/standard planting",0.076,mg a.i./seed,high,precision,legumes_deep,"CRUISER® 5FS Seed Treatment label, Reg. No. 27045",NA,NA,seed_use_number=6; status=ASSESSMENT_DEFAULT
"legumes_deep|Bean, coloured excluding kidney and cranberry , wide row/standard planting|low|0.045|mg a.i./seed","Bean, coloured excluding kidney and cranberry , wide row/standard planting",0.045,mg a.i./seed,low,drill_spring,legumes_deep,"CRUISER® 5FS Seed Treatment label, Reg. No. 27045",NA,NA,seed_use_number=6; status=ASSESSMENT_DEFAULT
"legumes_deep|Bean, coloured excluding kidney and cranberry , wide row/standard planting|low|0.045|mg a.i./seed","Bean, coloured excluding kidney and cranberry , wide row/standard planting",0.045,mg a.i./seed,low,precision,legumes_deep,"CRUISER® 5FS Seed Treatment label, Reg. No. 27045",NA,NA,seed_use_number=6; status=ASSESSMENT_DEFAULT
"legumes_deep|Bean, coloured excluding kidney and cranberry , wide row/standard planting|high|560.000|mg a.i./kg seed","Bean, coloured excluding kidney and cranberry , wide row/standard planting",560,mg a.i./kg seed,high,drill_spring,legumes_deep,VUI 3622323,NA,NA,seed_use_number=7; status=ASSESSMENT_DEFAULT
"legumes_deep|Bean, coloured excluding kidney and cranberry , wide row/standard planting|high|560.000|mg a.i./kg seed","Bean, coloured excluding kidney and cranberry , wide row/standard planting",560,mg a.i./kg seed,high,precision,legumes_deep,VUI 3622323,NA,NA,seed_use_number=7; status=ASSESSMENT_DEFAULT
"legumes_deep|Bean, coloured excluding kidney and cranberry , wide row/standard planting|mid|500.000|mg a.i./kg seed","Bean, coloured excluding kidney and cranberry , wide row/standard planting",500,mg a.i./kg seed,mid,drill_spring,legumes_deep,VUI 3622323,NA,NA,seed_use_number=7; status=ASSESSMENT_DEFAULT
"legumes_deep|Bean, coloured excluding kidney and cranberry , wide row/standard planting|mid|500.000|mg a.i./kg seed","Bean, coloured excluding kidney and cranberry , wide row/standard planting",500,mg a.i./kg seed,mid,precision,legumes_deep,VUI 3622323,NA,NA,seed_use_number=7; status=ASSESSMENT_DEFAULT
"legumes_deep|Bean, coloured excluding kidney and cranberry , wide row/standard planting|low|300.000|mg a.i./kg seed","Bean, coloured excluding kidney and cranberry , wide row/standard planting",300,mg a.i./kg seed,low,drill_spring,legumes_deep,VUI 3622323,NA,NA,seed_use_number=7; status=ASSESSMENT_DEFAULT
"legumes_deep|Bean, coloured excluding kidney and cranberry , wide row/standard planting|low|300.000|mg a.i./kg seed","Bean, coloured excluding kidney and cranberry , wide row/standard planting",300,mg a.i./kg seed,low,precision,legumes_deep,VUI 3622323,NA,NA,seed_use_number=7; status=ASSESSMENT_DEFAULT
"legumes_deep|Bean, kidney and cranberry|high|0.076|mg a.i./seed","Bean, kidney and cranberry",0.076,mg a.i./seed,high,drill_spring,legumes_deep,"CRUISER® 5FS Seed Treatment label, Reg. No. 27045",NA,NA,seed_use_number=8; status=ASSESSMENT_DEFAULT
"legumes_deep|Bean, kidney and cranberry|high|0.076|mg a.i./seed","Bean, kidney and cranberry",0.076,mg a.i./seed,high,precision,legumes_deep,"CRUISER® 5FS Seed Treatment label, Reg. No. 27045",NA,NA,seed_use_number=8; status=ASSESSMENT_DEFAULT
"legumes_deep|Bean, kidney and cranberry|low|0.045|mg a.i./seed","Bean, kidney and cranberry",0.045,mg a.i./seed,low,drill_spring,legumes_deep,"CRUISER® 5FS Seed Treatment label, Reg. No. 27045",NA,NA,seed_use_number=8; status=ASSESSMENT_DEFAULT
"legumes_deep|Bean, kidney and cranberry|low|0.045|mg a.i./seed","Bean, kidney and cranberry",0.045,mg a.i./seed,low,precision,legumes_deep,"CRUISER® 5FS Seed Treatment label, Reg. No. 27045",NA,NA,seed_use_number=8; status=ASSESSMENT_DEFAULT
"legumes_deep|Bean, kidney and cranberry|high|560.000|mg a.i./kg seed","Bean, kidney and cranberry",560,mg a.i./kg seed,high,drill_spring,legumes_deep,VUI 3622323,NA,NA,seed_use_number=9; status=ASSESSMENT_DEFAULT
"legumes_deep|Bean, kidney and cranberry|high|560.000|mg a.i./kg seed","Bean, kidney and cranberry",560,mg a.i./kg seed,high,precision,legumes_deep,VUI 3622323,NA,NA,seed_use_number=9; status=ASSESSMENT_DEFAULT
"legumes_deep|Bean, kidney and cranberry|mid|500.000|mg a.i./kg seed","Bean, kidney and cranberry",500,mg a.i./kg seed,mid,drill_spring,legumes_deep,VUI 3622323,NA,NA,seed_use_number=9; status=ASSESSMENT_DEFAULT
"legumes_deep|Bean, kidney and cranberry|mid|500.000|mg a.i./kg seed","Bean, kidney and cranberry",500,mg a.i./kg seed,mid,precision,legumes_deep,VUI 3622323,NA,NA,seed_use_number=9; status=ASSESSMENT_DEFAULT
"legumes_deep|Bean, kidney and cranberry|low|300.000|mg a.i./kg seed","Bean, kidney and cranberry",300,mg a.i./kg seed,low,drill_spring,legumes_deep,VUI 3622323,NA,NA,seed_use_number=9; status=ASSESSMENT_DEFAULT
"legumes_deep|Bean, kidney and cranberry|low|300.000|mg a.i./kg seed","Bean, kidney and cranberry",300,mg a.i./kg seed,low,precision,legumes_deep,VUI 3622323,NA,NA,seed_use_number=9; status=ASSESSMENT_DEFAULT
"legumes_deep|Bean, lima|high|500.000|mg a.i./kg seed","Bean, lima",500,mg a.i./kg seed,high,drill_spring,legumes_deep,VUI 3622323,NA,NA,seed_use_number=10; status=ASSESSMENT_DEFAULT
"legumes_deep|Bean, lima|high|500.000|mg a.i./kg seed","Bean, lima",500,mg a.i./kg seed,high,precision,legumes_deep,VUI 3622323,NA,NA,seed_use_number=10; status=ASSESSMENT_DEFAULT
"legumes_deep|Bean, lima|low|300.000|mg a.i./kg seed","Bean, lima",300,mg a.i./kg seed,low,drill_spring,legumes_deep,VUI 3622323,NA,NA,seed_use_number=10; status=ASSESSMENT_DEFAULT
"legumes_deep|Bean, lima|low|300.000|mg a.i./kg seed","Bean, lima",300,mg a.i./kg seed,low,precision,legumes_deep,VUI 3622323,NA,NA,seed_use_number=10; status=ASSESSMENT_DEFAULT
"legumes_deep|Bean, navy/white and black, narrow row/solid seeding|high|0.076|mg a.i./seed","Bean, navy/white and black, narrow row/solid seeding",0.076,mg a.i./seed,high,drill_spring,legumes_deep,"CRUISER® 5FS Seed Treatment label, Reg. No. 27045",NA,NA,seed_use_number=11; status=ASSESSMENT_DEFAULT
"legumes_deep|Bean, navy/white and black, narrow row/solid seeding|high|0.076|mg a.i./seed","Bean, navy/white and black, narrow row/solid seeding",0.076,mg a.i./seed,high,precision,legumes_deep,"CRUISER® 5FS Seed Treatment label, Reg. No. 27045",NA,NA,seed_use_number=11; status=ASSESSMENT_DEFAULT
"legumes_deep|Bean, navy/white and black, narrow row/solid seeding|low|0.045|mg a.i./seed","Bean, navy/white and black, narrow row/solid seeding",0.045,mg a.i./seed,low,drill_spring,legumes_deep,"CRUISER® 5FS Seed Treatment label, Reg. No. 27045",NA,NA,seed_use_number=11; status=ASSESSMENT_DEFAULT
"legumes_deep|Bean, navy/white and black, narrow row/solid seeding|low|0.045|mg a.i./seed","Bean, navy/white and black, narrow row/solid seeding",0.045,mg a.i./seed,low,precision,legumes_deep,"CRUISER® 5FS Seed Treatment label, Reg. No. 27045",NA,NA,seed_use_number=11; status=ASSESSMENT_DEFAULT
"legumes_deep|Bean, navy/white and black, narrow row/solid seeding|high|560.000|mg a.i./kg seed","Bean, navy/white and black, narrow row/solid seeding",560,mg a.i./kg seed,high,drill_spring,legumes_deep,VUI 3622323,NA,NA,seed_use_number=12; status=ASSESSMENT_DEFAULT
"legumes_deep|Bean, navy/white and black, narrow row/solid seeding|high|560.000|mg a.i./kg seed","Bean, navy/white and black, narrow row/solid seeding",560,mg a.i./kg seed,high,precision,legumes_deep,VUI 3622323,NA,NA,seed_use_number=12; status=ASSESSMENT_DEFAULT
"legumes_deep|Bean, navy/white and black, narrow row/solid seeding|mid|500.000|mg a.i./kg seed","Bean, navy/white and black, narrow row/solid seeding",500,mg a.i./kg seed,mid,drill_spring,legumes_deep,VUI 3622323,NA,NA,seed_use_number=12; status=ASSESSMENT_DEFAULT
"legumes_deep|Bean, navy/white and black, narrow row/solid seeding|mid|500.000|mg a.i./kg seed","Bean, navy/white and black, narrow row/solid seeding",500,mg a.i./kg seed,mid,precision,legumes_deep,VUI 3622323,NA,NA,seed_use_number=12; status=ASSESSMENT_DEFAULT
"legumes_deep|Bean, navy/white and black, narrow row/solid seeding|low|300.000|mg a.i./kg seed","Bean, navy/white and black, narrow row/solid seeding",300,mg a.i./kg seed,low,drill_spring,legumes_deep,VUI 3622323,NA,NA,seed_use_number=12; status=ASSESSMENT_DEFAULT
"legumes_deep|Bean, navy/white and black, narrow row/solid seeding|low|300.000|mg a.i./kg seed","Bean, navy/white and black, narrow row/solid seeding",300,mg a.i./kg seed,low,precision,legumes_deep,VUI 3622323,NA,NA,seed_use_number=12; status=ASSESSMENT_DEFAULT
"legumes_deep|Bean, navy/white and black, wide row/standard planting|high|0.076|mg a.i./seed","Bean, navy/white and black, wide row/standard planting",0.076,mg a.i./seed,high,drill_spring,legumes_deep,"CRUISER® 5FS Seed Treatment label, Reg. No. 27045",NA,NA,seed_use_number=13; status=ASSESSMENT_DEFAULT
"legumes_deep|Bean, navy/white and black, wide row/standard planting|high|0.076|mg a.i./seed","Bean, navy/white and black, wide row/standard planting",0.076,mg a.i./seed,high,precision,legumes_deep,"CRUISER® 5FS Seed Treatment label, Reg. No. 27045",NA,NA,seed_use_number=13; status=ASSESSMENT_DEFAULT
"legumes_deep|Bean, navy/white and black, wide row/standard planting|low|0.045|mg a.i./seed","Bean, navy/white and black, wide row/standard planting",0.045,mg a.i./seed,low,drill_spring,legumes_deep,"CRUISER® 5FS Seed Treatment label, Reg. No. 27045",NA,NA,seed_use_number=13; status=ASSESSMENT_DEFAULT
"legumes_deep|Bean, navy/white and black, wide row/standard planting|low|0.045|mg a.i./seed","Bean, navy/white and black, wide row/standard planting",0.045,mg a.i./seed,low,precision,legumes_deep,"CRUISER® 5FS Seed Treatment label, Reg. No. 27045",NA,NA,seed_use_number=13; status=ASSESSMENT_DEFAULT
"legumes_deep|Bean, navy/white and black, wide row/standard planting|high|560.000|mg a.i./kg seed","Bean, navy/white and black, wide row/standard planting",560,mg a.i./kg seed,high,drill_spring,legumes_deep,VUI 3622323,NA,NA,seed_use_number=14; status=ASSESSMENT_DEFAULT
"legumes_deep|Bean, navy/white and black, wide row/standard planting|high|560.000|mg a.i./kg seed","Bean, navy/white and black, wide row/standard planting",560,mg a.i./kg seed,high,precision,legumes_deep,VUI 3622323,NA,NA,seed_use_number=14; status=ASSESSMENT_DEFAULT
"legumes_deep|Bean, navy/white and black, wide row/standard planting|mid|500.000|mg a.i./kg seed","Bean, navy/white and black, wide row/standard planting",500,mg a.i./kg seed,mid,drill_spring,legumes_deep,VUI 3622323,NA,NA,seed_use_number=14; status=ASSESSMENT_DEFAULT
"legumes_deep|Bean, navy/white and black, wide row/standard planting|mid|500.000|mg a.i./kg seed","Bean, navy/white and black, wide row/standard planting",500,mg a.i./kg seed,mid,precision,legumes_deep,VUI 3622323,NA,NA,seed_use_number=14; status=ASSESSMENT_DEFAULT
"legumes_deep|Bean, navy/white and black, wide row/standard planting|low|300.000|mg a.i./kg seed","Bean, navy/white and black, wide row/standard planting",300,mg a.i./kg seed,low,drill_spring,legumes_deep,VUI 3622323,NA,NA,seed_use_number=14; status=ASSESSMENT_DEFAULT
"legumes_deep|Bean, navy/white and black, wide row/standard planting|low|300.000|mg a.i./kg seed","Bean, navy/white and black, wide row/standard planting",300,mg a.i./kg seed,low,precision,legumes_deep,VUI 3622323,NA,NA,seed_use_number=14; status=ASSESSMENT_DEFAULT
"legumes_deep|Bean, Vigna anugularis  (adzuki bean) or Vigna unguiculata (yardlong bean /cowpea/black-eyed pea/southern pea/crowder pea/ /Chinese long bean)|high|0.076|mg a.i./seed","Bean, Vigna anugularis  (adzuki bean) or Vigna unguiculata (yardlong bean /cowpea/black-eyed pea/southern pea/crowder pea/ /Chinese long bean)",0.076,mg a.i./seed,high,drill_spring,legumes_deep,"CRUISER® 5FS Seed Treatment label, Reg. No. 27045",NA,NA,seed_use_number=15; status=ASSESSMENT_DEFAULT
"legumes_deep|Bean, Vigna anugularis  (adzuki bean) or Vigna unguiculata (yardlong bean /cowpea/black-eyed pea/southern pea/crowder pea/ /Chinese long bean)|high|0.076|mg a.i./seed","Bean, Vigna anugularis  (adzuki bean) or Vigna unguiculata (yardlong bean /cowpea/black-eyed pea/southern pea/crowder pea/ /Chinese long bean)",0.076,mg a.i./seed,high,precision,legumes_deep,"CRUISER® 5FS Seed Treatment label, Reg. No. 27045",NA,NA,seed_use_number=15; status=ASSESSMENT_DEFAULT
"legumes_deep|Bean, Vigna anugularis  (adzuki bean) or Vigna unguiculata (yardlong bean /cowpea/black-eyed pea/southern pea/crowder pea/ /Chinese long bean)|low|0.045|mg a.i./seed","Bean, Vigna anugularis  (adzuki bean) or Vigna unguiculata (yardlong bean /cowpea/black-eyed pea/southern pea/crowder pea/ /Chinese long bean)",0.045,mg a.i./seed,low,drill_spring,legumes_deep,"CRUISER® 5FS Seed Treatment label, Reg. No. 27045",NA,NA,seed_use_number=15; status=ASSESSMENT_DEFAULT
"legumes_deep|Bean, Vigna anugularis  (adzuki bean) or Vigna unguiculata (yardlong bean /cowpea/black-eyed pea/southern pea/crowder pea/ /Chinese long bean)|low|0.045|mg a.i./seed","Bean, Vigna anugularis  (adzuki bean) or Vigna unguiculata (yardlong bean /cowpea/black-eyed pea/southern pea/crowder pea/ /Chinese long bean)",0.045,mg a.i./seed,low,precision,legumes_deep,"CRUISER® 5FS Seed Treatment label, Reg. No. 27045",NA,NA,seed_use_number=15; status=ASSESSMENT_DEFAULT
"legumes_deep|Bean, Vigna anugularis  (adzuki bean) or Vigna unguiculata (yardlong bean /cowpea/black-eyed pea/southern pea/crowder pea/ /Chinese long bean)|high|560.000|mg a.i./kg seed","Bean, Vigna anugularis  (adzuki bean) or Vigna unguiculata (yardlong bean /cowpea/black-eyed pea/southern pea/crowder pea/ /Chinese long bean)",560,mg a.i./kg seed,high,drill_spring,legumes_deep,VUI 3622323,NA,NA,seed_use_number=16; status=ASSESSMENT_DEFAULT
"legumes_deep|Bean, Vigna anugularis  (adzuki bean) or Vigna unguiculata (yardlong bean /cowpea/black-eyed pea/southern pea/crowder pea/ /Chinese long bean)|high|560.000|mg a.i./kg seed","Bean, Vigna anugularis  (adzuki bean) or Vigna unguiculata (yardlong bean /cowpea/black-eyed pea/southern pea/crowder pea/ /Chinese long bean)",560,mg a.i./kg seed,high,precision,legumes_deep,VUI 3622323,NA,NA,seed_use_number=16; status=ASSESSMENT_DEFAULT
"legumes_deep|Bean, Vigna anugularis  (adzuki bean) or Vigna unguiculata (yardlong bean /cowpea/black-eyed pea/southern pea/crowder pea/ /Chinese long bean)|mid|500.000|mg a.i./kg seed","Bean, Vigna anugularis  (adzuki bean) or Vigna unguiculata (yardlong bean /cowpea/black-eyed pea/southern pea/crowder pea/ /Chinese long bean)",500,mg a.i./kg seed,mid,drill_spring,legumes_deep,VUI 3622323,NA,NA,seed_use_number=16; status=ASSESSMENT_DEFAULT
"legumes_deep|Bean, Vigna anugularis  (adzuki bean) or Vigna unguiculata (yardlong bean /cowpea/black-eyed pea/southern pea/crowder pea/ /Chinese long bean)|mid|500.000|mg a.i./kg seed","Bean, Vigna anugularis  (adzuki bean) or Vigna unguiculata (yardlong bean /cowpea/black-eyed pea/southern pea/crowder pea/ /Chinese long bean)",500,mg a.i./kg seed,mid,precision,legumes_deep,VUI 3622323,NA,NA,seed_use_number=16; status=ASSESSMENT_DEFAULT
"legumes_deep|Bean, Vigna anugularis  (adzuki bean) or Vigna unguiculata (yardlong bean /cowpea/black-eyed pea/southern pea/crowder pea/ /Chinese long bean)|low|300.000|mg a.i./kg seed","Bean, Vigna anugularis  (adzuki bean) or Vigna unguiculata (yardlong bean /cowpea/black-eyed pea/southern pea/crowder pea/ /Chinese long bean)",300,mg a.i./kg seed,low,drill_spring,legumes_deep,VUI 3622323,NA,NA,seed_use_number=16; status=ASSESSMENT_DEFAULT
"legumes_deep|Bean, Vigna anugularis  (adzuki bean) or Vigna unguiculata (yardlong bean /cowpea/black-eyed pea/southern pea/crowder pea/ /Chinese long bean)|low|300.000|mg a.i./kg seed","Bean, Vigna anugularis  (adzuki bean) or Vigna unguiculata (yardlong bean /cowpea/black-eyed pea/southern pea/crowder pea/ /Chinese long bean)",300,mg a.i./kg seed,low,precision,legumes_deep,VUI 3622323,NA,NA,seed_use_number=16; status=ASSESSMENT_DEFAULT
"legumes_deep|Chickpea, Desi|high|300.000|mg a.i./kg seed","Chickpea, Desi",300,mg a.i./kg seed,high,drill_spring,legumes_deep,VUI 3622323,NA,NA,seed_use_number=17; status=ASSESSMENT_DEFAULT
"legumes_deep|Chickpea, Desi|high|300.000|mg a.i./kg seed","Chickpea, Desi",300,mg a.i./kg seed,high,precision,legumes_deep,VUI 3622323,NA,NA,seed_use_number=17; status=ASSESSMENT_DEFAULT
"legumes_deep|Chickpea, Desi|mid|200.000|mg a.i./kg seed","Chickpea, Desi",200,mg a.i./kg seed,mid,drill_spring,legumes_deep,VUI 3622323,NA,NA,seed_use_number=17; status=ASSESSMENT_DEFAULT
"legumes_deep|Chickpea, Desi|mid|200.000|mg a.i./kg seed","Chickpea, Desi",200,mg a.i./kg seed,mid,precision,legumes_deep,VUI 3622323,NA,NA,seed_use_number=17; status=ASSESSMENT_DEFAULT
"legumes_deep|Chickpea, Desi|low|100.000|mg a.i./kg seed","Chickpea, Desi",100,mg a.i./kg seed,low,drill_spring,legumes_deep,VUI 3622323,NA,NA,seed_use_number=17; status=ASSESSMENT_DEFAULT
"legumes_deep|Chickpea, Desi|low|100.000|mg a.i./kg seed","Chickpea, Desi",100,mg a.i./kg seed,low,precision,legumes_deep,VUI 3622323,NA,NA,seed_use_number=17; status=ASSESSMENT_DEFAULT
"legumes_deep|Chickpea, Kabuli|high|300.000|mg a.i./kg seed","Chickpea, Kabuli",300,mg a.i./kg seed,high,drill_spring,legumes_deep,VUI 3622323,NA,NA,seed_use_number=18; status=ASSESSMENT_DEFAULT
"legumes_deep|Chickpea, Kabuli|high|300.000|mg a.i./kg seed","Chickpea, Kabuli",300,mg a.i./kg seed,high,precision,legumes_deep,VUI 3622323,NA,NA,seed_use_number=18; status=ASSESSMENT_DEFAULT
"legumes_deep|Chickpea, Kabuli|mid|200.000|mg a.i./kg seed","Chickpea, Kabuli",200,mg a.i./kg seed,mid,drill_spring,legumes_deep,VUI 3622323,NA,NA,seed_use_number=18; status=ASSESSMENT_DEFAULT
"legumes_deep|Chickpea, Kabuli|mid|200.000|mg a.i./kg seed","Chickpea, Kabuli",200,mg a.i./kg seed,mid,precision,legumes_deep,VUI 3622323,NA,NA,seed_use_number=18; status=ASSESSMENT_DEFAULT
"legumes_deep|Chickpea, Kabuli|low|100.000|mg a.i./kg seed","Chickpea, Kabuli",100,mg a.i./kg seed,low,drill_spring,legumes_deep,VUI 3622323,NA,NA,seed_use_number=18; status=ASSESSMENT_DEFAULT
"legumes_deep|Chickpea, Kabuli|low|100.000|mg a.i./kg seed","Chickpea, Kabuli",100,mg a.i./kg seed,low,precision,legumes_deep,VUI 3622323,NA,NA,seed_use_number=18; status=ASSESSMENT_DEFAULT
legumes_deep|Lentil|high|300.000|mg a.i./kg seed,Lentil,300,mg a.i./kg seed,high,drill_spring,legumes_deep,VUI 3622323,NA,NA,seed_use_number=19; status=ASSESSMENT_DEFAULT
legumes_deep|Lentil|high|300.000|mg a.i./kg seed,Lentil,300,mg a.i./kg seed,high,precision,legumes_deep,VUI 3622323,NA,NA,seed_use_number=19; status=ASSESSMENT_DEFAULT
legumes_deep|Lentil|mid|200.000|mg a.i./kg seed,Lentil,200,mg a.i./kg seed,mid,drill_spring,legumes_deep,VUI 3622323,NA,NA,seed_use_number=19; status=ASSESSMENT_DEFAULT
legumes_deep|Lentil|mid|200.000|mg a.i./kg seed,Lentil,200,mg a.i./kg seed,mid,precision,legumes_deep,VUI 3622323,NA,NA,seed_use_number=19; status=ASSESSMENT_DEFAULT
legumes_deep|Lentil|low|100.000|mg a.i./kg seed,Lentil,100,mg a.i./kg seed,low,drill_spring,legumes_deep,VUI 3622323,NA,NA,seed_use_number=19; status=ASSESSMENT_DEFAULT
legumes_deep|Lentil|low|100.000|mg a.i./kg seed,Lentil,100,mg a.i./kg seed,low,precision,legumes_deep,VUI 3622323,NA,NA,seed_use_number=19; status=ASSESSMENT_DEFAULT
"legumes_deep|Pea, field/dry pulse|high|500.000|mg a.i./kg seed","Pea, field/dry pulse",500,mg a.i./kg seed,high,drill_spring,legumes_deep,VUI 3622323,NA,NA,seed_use_number=20; status=ASSESSMENT_DEFAULT
"legumes_deep|Pea, field/dry pulse|high|500.000|mg a.i./kg seed","Pea, field/dry pulse",500,mg a.i./kg seed,high,precision,legumes_deep,VUI 3622323,NA,NA,seed_use_number=20; status=ASSESSMENT_DEFAULT
"legumes_deep|Pea, field/dry pulse|mid|300.000|mg a.i./kg seed","Pea, field/dry pulse",300,mg a.i./kg seed,mid,drill_spring,legumes_deep,VUI 3622323,NA,NA,seed_use_number=20; status=ASSESSMENT_DEFAULT
"legumes_deep|Pea, field/dry pulse|mid|300.000|mg a.i./kg seed","Pea, field/dry pulse",300,mg a.i./kg seed,mid,precision,legumes_deep,VUI 3622323,NA,NA,seed_use_number=20; status=ASSESSMENT_DEFAULT
"legumes_deep|Pea, field/dry pulse|low|100.000|mg a.i./kg seed","Pea, field/dry pulse",100,mg a.i./kg seed,low,drill_spring,legumes_deep,VUI 3622323,NA,NA,seed_use_number=20; status=ASSESSMENT_DEFAULT
"legumes_deep|Pea, field/dry pulse|low|100.000|mg a.i./kg seed","Pea, field/dry pulse",100,mg a.i./kg seed,low,precision,legumes_deep,VUI 3622323,NA,NA,seed_use_number=20; status=ASSESSMENT_DEFAULT
"legumes_shallow|Bean, snap|high|500.000|mg a.i./kg seed","Bean, snap",500,mg a.i./kg seed,high,drill_spring,legumes_shallow,VUI 3622323,NA,NA,seed_use_number=1; status=ASSESSMENT_DEFAULT
"legumes_shallow|Bean, snap|high|500.000|mg a.i./kg seed","Bean, snap",500,mg a.i./kg seed,high,precision,legumes_shallow,VUI 3622323,NA,NA,seed_use_number=1; status=ASSESSMENT_DEFAULT
"legumes_shallow|Bean, snap|low|300.000|mg a.i./kg seed","Bean, snap",300,mg a.i./kg seed,low,drill_spring,legumes_shallow,VUI 3622323,NA,NA,seed_use_number=1; status=ASSESSMENT_DEFAULT
"legumes_shallow|Bean, snap|low|300.000|mg a.i./kg seed","Bean, snap",300,mg a.i./kg seed,low,precision,legumes_shallow,VUI 3622323,NA,NA,seed_use_number=1; status=ASSESSMENT_DEFAULT
legumes_shallow|Lupin|high|300.000|mg a.i./kg seed,Lupin,300,mg a.i./kg seed,high,drill_spring,legumes_shallow,VUI 3622323,NA,NA,seed_use_number=2; status=ASSESSMENT_DEFAULT
legumes_shallow|Lupin|high|300.000|mg a.i./kg seed,Lupin,300,mg a.i./kg seed,high,precision,legumes_shallow,VUI 3622323,NA,NA,seed_use_number=2; status=ASSESSMENT_DEFAULT
legumes_shallow|Lupin|mid|200.000|mg a.i./kg seed,Lupin,200,mg a.i./kg seed,mid,drill_spring,legumes_shallow,VUI 3622323,NA,NA,seed_use_number=2; status=ASSESSMENT_DEFAULT
legumes_shallow|Lupin|mid|200.000|mg a.i./kg seed,Lupin,200,mg a.i./kg seed,mid,precision,legumes_shallow,VUI 3622323,NA,NA,seed_use_number=2; status=ASSESSMENT_DEFAULT
legumes_shallow|Lupin|low|100.000|mg a.i./kg seed,Lupin,100,mg a.i./kg seed,low,drill_spring,legumes_shallow,VUI 3622323,NA,NA,seed_use_number=2; status=ASSESSMENT_DEFAULT
legumes_shallow|Lupin|low|100.000|mg a.i./kg seed,Lupin,100,mg a.i./kg seed,low,precision,legumes_shallow,VUI 3622323,NA,NA,seed_use_number=2; status=ASSESSMENT_DEFAULT
"legumes_shallow|Pea, horticultural/vegetable|high|500.000|mg a.i./kg seed","Pea, horticultural/vegetable",500,mg a.i./kg seed,high,drill_spring,legumes_shallow,VUI 3622323,NA,NA,seed_use_number=3; status=ASSESSMENT_DEFAULT
"legumes_shallow|Pea, horticultural/vegetable|high|500.000|mg a.i./kg seed","Pea, horticultural/vegetable",500,mg a.i./kg seed,high,precision,legumes_shallow,VUI 3622323,NA,NA,seed_use_number=3; status=ASSESSMENT_DEFAULT
"legumes_shallow|Pea, horticultural/vegetable|low|300.000|mg a.i./kg seed","Pea, horticultural/vegetable",300,mg a.i./kg seed,low,drill_spring,legumes_shallow,VUI 3622323,NA,NA,seed_use_number=3; status=ASSESSMENT_DEFAULT
"legumes_shallow|Pea, horticultural/vegetable|low|300.000|mg a.i./kg seed","Pea, horticultural/vegetable",300,mg a.i./kg seed,low,precision,legumes_shallow,VUI 3622323,NA,NA,seed_use_number=3; status=ASSESSMENT_DEFAULT
legumes_shallow|Soybean|high|300.000|mg a.i./kg seed,Soybean,300,mg a.i./kg seed,high,drill_spring,legumes_shallow,VUI 3622323,NA,NA,seed_use_number=4; status=ASSESSMENT_DEFAULT
legumes_shallow|Soybean|high|300.000|mg a.i./kg seed,Soybean,300,mg a.i./kg seed,high,precision,legumes_shallow,VUI 3622323,NA,NA,seed_use_number=4; status=ASSESSMENT_DEFAULT
legumes_shallow|Soybean|high|0.045|mg a.i./seed,Soybean,0.045,mg a.i./seed,high,drill_spring,legumes_shallow,CRUISER® 5FS Seed Treatment label Reg. No. 27045,NA,NA,seed_use_number=5; status=ASSESSMENT_DEFAULT
legumes_shallow|Soybean|high|0.045|mg a.i./seed,Soybean,0.045,mg a.i./seed,high,precision,legumes_shallow,CRUISER® 5FS Seed Treatment label Reg. No. 27045,NA,NA,seed_use_number=5; status=ASSESSMENT_DEFAULT
"cucurbits|Cucumber, processing, including pickling and gherkin|high|0.750|mg a.i./seed","Cucumber, processing, including pickling and gherkin",0.75,mg a.i./seed,high,drill_spring,cucurbits,VUI 3622323,NA,NA,seed_use_number=1; status=ASSESSMENT_DEFAULT
"cucurbits|Cucumber, processing, including pickling and gherkin|high|0.750|mg a.i./seed","Cucumber, processing, including pickling and gherkin",0.75,mg a.i./seed,high,precision,cucurbits,VUI 3622323,NA,NA,seed_use_number=1; status=ASSESSMENT_DEFAULT
"cucurbits|Cucumber, processing, including pickling and gherkin|low|0.250|mg a.i./seed","Cucumber, processing, including pickling and gherkin",0.25,mg a.i./seed,low,drill_spring,cucurbits,VUI 3622323,NA,NA,seed_use_number=1; status=ASSESSMENT_DEFAULT
"cucurbits|Cucumber, processing, including pickling and gherkin|low|0.250|mg a.i./seed","Cucumber, processing, including pickling and gherkin",0.25,mg a.i./seed,low,precision,cucurbits,VUI 3622323,NA,NA,seed_use_number=1; status=ASSESSMENT_DEFAULT
"cucurbits|Cucumber, fresh market|high|0.750|mg a.i./seed","Cucumber, fresh market",0.75,mg a.i./seed,high,drill_spring,cucurbits,VUI 3622323,NA,NA,seed_use_number=2; status=ASSESSMENT_DEFAULT
"cucurbits|Cucumber, fresh market|high|0.750|mg a.i./seed","Cucumber, fresh market",0.75,mg a.i./seed,high,precision,cucurbits,VUI 3622323,NA,NA,seed_use_number=2; status=ASSESSMENT_DEFAULT
"cucurbits|Cucumber, fresh market|low|0.250|mg a.i./seed","Cucumber, fresh market",0.25,mg a.i./seed,low,drill_spring,cucurbits,VUI 3622323,NA,NA,seed_use_number=2; status=ASSESSMENT_DEFAULT
"cucurbits|Cucumber, fresh market|low|0.250|mg a.i./seed","Cucumber, fresh market",0.25,mg a.i./seed,low,precision,cucurbits,VUI 3622323,NA,NA,seed_use_number=2; status=ASSESSMENT_DEFAULT
cucurbits|Gourd|high|0.750|mg a.i./seed,Gourd,0.75,mg a.i./seed,high,drill_spring,cucurbits,VUI 3622323,NA,NA,seed_use_number=3; status=ASSESSMENT_DEFAULT
cucurbits|Gourd|high|0.750|mg a.i./seed,Gourd,0.75,mg a.i./seed,high,precision,cucurbits,VUI 3622323,NA,NA,seed_use_number=3; status=ASSESSMENT_DEFAULT
cucurbits|Gourd|low|0.250|mg a.i./seed,Gourd,0.25,mg a.i./seed,low,drill_spring,cucurbits,VUI 3622323,NA,NA,seed_use_number=3; status=ASSESSMENT_DEFAULT
cucurbits|Gourd|low|0.250|mg a.i./seed,Gourd,0.25,mg a.i./seed,low,precision,cucurbits,VUI 3622323,NA,NA,seed_use_number=3; status=ASSESSMENT_DEFAULT
"cucurbits|Gourd, bitter|high|0.750|mg a.i./seed","Gourd, bitter",0.75,mg a.i./seed,high,drill_spring,cucurbits,VUI 3622323,NA,NA,seed_use_number=4; status=ASSESSMENT_DEFAULT
"cucurbits|Gourd, bitter|high|0.750|mg a.i./seed","Gourd, bitter",0.75,mg a.i./seed,high,precision,cucurbits,VUI 3622323,NA,NA,seed_use_number=4; status=ASSESSMENT_DEFAULT
"cucurbits|Gourd, bitter|low|0.250|mg a.i./seed","Gourd, bitter",0.25,mg a.i./seed,low,drill_spring,cucurbits,VUI 3622323,NA,NA,seed_use_number=4; status=ASSESSMENT_DEFAULT
"cucurbits|Gourd, bitter|low|0.250|mg a.i./seed","Gourd, bitter",0.25,mg a.i./seed,low,precision,cucurbits,VUI 3622323,NA,NA,seed_use_number=4; status=ASSESSMENT_DEFAULT
cucurbits|Melon (excluding citron and watermelon)|high|0.750|mg a.i./seed,Melon (excluding citron and watermelon),0.75,mg a.i./seed,high,drill_spring,cucurbits,VUI 3622323,NA,NA,seed_use_number=5; status=ASSESSMENT_DEFAULT
cucurbits|Melon (excluding citron and watermelon)|high|0.750|mg a.i./seed,Melon (excluding citron and watermelon),0.75,mg a.i./seed,high,precision,cucurbits,VUI 3622323,NA,NA,seed_use_number=5; status=ASSESSMENT_DEFAULT
cucurbits|Melon (excluding citron and watermelon)|low|0.250|mg a.i./seed,Melon (excluding citron and watermelon),0.25,mg a.i./seed,low,drill_spring,cucurbits,VUI 3622323,NA,NA,seed_use_number=5; status=ASSESSMENT_DEFAULT
cucurbits|Melon (excluding citron and watermelon)|low|0.250|mg a.i./seed,Melon (excluding citron and watermelon),0.25,mg a.i./seed,low,precision,cucurbits,VUI 3622323,NA,NA,seed_use_number=5; status=ASSESSMENT_DEFAULT
"cucurbits|Melon, citron and watermelon|high|0.750|mg a.i./seed","Melon, citron and watermelon",0.75,mg a.i./seed,high,drill_spring,cucurbits,VUI 3622323,NA,NA,seed_use_number=6; status=ASSESSMENT_DEFAULT
"cucurbits|Melon, citron and watermelon|high|0.750|mg a.i./seed","Melon, citron and watermelon",0.75,mg a.i./seed,high,precision,cucurbits,VUI 3622323,NA,NA,seed_use_number=6; status=ASSESSMENT_DEFAULT
"cucurbits|Melon, citron and watermelon|low|0.250|mg a.i./seed","Melon, citron and watermelon",0.25,mg a.i./seed,low,drill_spring,cucurbits,VUI 3622323,NA,NA,seed_use_number=6; status=ASSESSMENT_DEFAULT
"cucurbits|Melon, citron and watermelon|low|0.250|mg a.i./seed","Melon, citron and watermelon",0.25,mg a.i./seed,low,precision,cucurbits,VUI 3622323,NA,NA,seed_use_number=6; status=ASSESSMENT_DEFAULT
"cucurbits|Squash, summer|high|0.750|mg a.i./seed","Squash, summer",0.75,mg a.i./seed,high,drill_spring,cucurbits,VUI 3622323,NA,NA,seed_use_number=7; status=ASSESSMENT_DEFAULT
"cucurbits|Squash, summer|high|0.750|mg a.i./seed","Squash, summer",0.75,mg a.i./seed,high,precision,cucurbits,VUI 3622323,NA,NA,seed_use_number=7; status=ASSESSMENT_DEFAULT
"cucurbits|Squash, summer|low|0.250|mg a.i./seed","Squash, summer",0.25,mg a.i./seed,low,drill_spring,cucurbits,VUI 3622323,NA,NA,seed_use_number=7; status=ASSESSMENT_DEFAULT
"cucurbits|Squash, summer|low|0.250|mg a.i./seed","Squash, summer",0.25,mg a.i./seed,low,precision,cucurbits,VUI 3622323,NA,NA,seed_use_number=7; status=ASSESSMENT_DEFAULT
"cucurbits|Squash, winter|high|0.750|mg a.i./seed","Squash, winter",0.75,mg a.i./seed,high,drill_spring,cucurbits,VUI 3622323,NA,NA,seed_use_number=8; status=ASSESSMENT_DEFAULT
"cucurbits|Squash, winter|high|0.750|mg a.i./seed","Squash, winter",0.75,mg a.i./seed,high,precision,cucurbits,VUI 3622323,NA,NA,seed_use_number=8; status=ASSESSMENT_DEFAULT
"cucurbits|Squash, winter|low|0.250|mg a.i./seed","Squash, winter",0.25,mg a.i./seed,low,drill_spring,cucurbits,VUI 3622323,NA,NA,seed_use_number=8; status=ASSESSMENT_DEFAULT
"cucurbits|Squash, winter|low|0.250|mg a.i./seed","Squash, winter",0.25,mg a.i./seed,low,precision,cucurbits,VUI 3622323,NA,NA,seed_use_number=8; status=ASSESSMENT_DEFAULT
