crop,tkw_low_g_per_1000,tkw_high_g_per_1000,seeding_rate_low_seeds_per_ha_direct,seeding_rate_high_seeds_per_ha_direct,seeding_rate_low_kg_per_ha_low_tkw,seeding_rate_low_kg_per_ha_high_tkw,seeding_rate_high_kg_per_ha_low_tkw,seeding_rate_high_kg_per_ha_high_tkw,seeds_per_ha_low,seeds_per_ha_high,seeds_per_ha_low_basis,seeds_per_ha_high_basis,spring_seeded,fall_seeded,broadcast_seeded,drill_seeded,precision_planted,source,status
Asparagus,20.0,20.0,,,11.0,11.0,11.0,11.0,550000.0,550000.0,CONVERTED_FROM_MASS,CONVERTED_FROM_MASS,TRUE,FALSE,FALSE,TRUE,TRUE,PMRA 2015,ASSESSMENT_DEFAULT
Barley,24.8,59.5,1800000.0,4700000.0,44.64,107.1,116.56,279.65,1800000.0,4700000.0,DIRECT,DIRECT,TRUE,TRUE,TRUE,TRUE,FALSE,EAD Seed Weight and Seeding Rate Report (2025;August DRAFT),ASSESSMENT_DEFAULT
"Bean, broad/faba, large-seeded",800.0,1680.0,71759.0,215278.0,57.407199999999996,120.55512,172.2224,361.66704,71759.0,215278.0,DIRECT,DIRECT,TRUE,FALSE,FALSE,TRUE,TRUE,EAD Seed Weight and Seeding Rate Report (2025;August DRAFT),ASSESSMENT_DEFAULT
"Bean, broad/faba, small-seeded",200.0,800.0,250000.0,650000.0,50.0,200.0,130.0,520.0,250000.0,650000.0,DIRECT,DIRECT,TRUE,FALSE,FALSE,TRUE,TRUE,EAD Seed Weight and Seeding Rate Report (2025;August DRAFT),ASSESSMENT_DEFAULT
"Bean, coloured excluding kidney and cranberry , narrow row/solid seeding",240.0,435.0,344548.0,784314.0,82.69152,149.87838,188.23536,341.17659,344548.0,784314.0,DIRECT,DIRECT,TRUE,FALSE,FALSE,TRUE,TRUE,EAD Seed Weight and Seeding Rate Report (2025;August DRAFT),ASSESSMENT_DEFAULT
"Bean, coloured excluding kidney and cranberry , wide row/standard planting",240.0,435.0,151316.0,375940.0,36.31584,65.82246,90.2256,163.5339,151316.0,375940.0,DIRECT,DIRECT,TRUE,FALSE,FALSE,TRUE,TRUE,EAD Seed Weight and Seeding Rate Report (2025;August DRAFT),ASSESSMENT_DEFAULT
"Bean, kidney and cranberry",459.0,690.0,98842.0,216981.0,45.368478,68.20098,99.594279,149.71688999999998,98842.0,216981.0,DIRECT,DIRECT,TRUE,FALSE,FALSE,TRUE,TRUE,EAD Seed Weight and Seeding Rate Report (2025;August DRAFT),ASSESSMENT_DEFAULT
"Bean, lima",250.0,1134.0,71759.0,287038.0,17.93975,81.374706,71.7595,325.501092,71759.0,287038.0,DIRECT,DIRECT,TRUE,FALSE,FALSE,TRUE,TRUE,EAD Seed Weight and Seeding Rate Report (2025;August DRAFT),ASSESSMENT_DEFAULT
"Bean, navy/white and black, narrow row/solid seeding",160.0,265.0,602958.0,784314.0,96.47328,159.78387,125.49023999999999,207.84321,602958.0,784314.0,DIRECT,DIRECT,TRUE,FALSE,FALSE,TRUE,TRUE,EAD Seed Weight and Seeding Rate Report (2025;August DRAFT),ASSESSMENT_DEFAULT
"Bean, navy/white and black, wide row/standard planting",160.0,265.0,108726.0,375940.0,17.39616,28.81239,60.150400000000005,99.62410000000001,108726.0,375940.0,DIRECT,DIRECT,TRUE,FALSE,FALSE,TRUE,TRUE,EAD Seed Weight and Seeding Rate Report (2025;August DRAFT),ASSESSMENT_DEFAULT
"Bean, snap",206.0,534.0,84848.0,640000.0,17.478688,45.308832,131.84,341.76,84848.0,640000.0,DIRECT,DIRECT,TRUE,FALSE,FALSE,TRUE,TRUE,EAD Seed Weight and Seeding Rate Report (2025;August DRAFT),ASSESSMENT_DEFAULT
"Bean, Vigna anugularis  (adzuki bean) or Vigna unguiculata (yardlong bean /cowpea/black-eyed pea/southern pea/crowder pea/ /Chinese long bean)",91.0,207.0,16667.0,327206.0,1.5166970000000002,3.4500690000000005,29.775746,67.73164200000001,16667.0,327206.0,DIRECT,DIRECT,TRUE,FALSE,FALSE,TRUE,TRUE,EAD Seed Weight and Seeding Rate Report (2025;August DRAFT),ASSESSMENT_DEFAULT
"Beet, garden",20.0,20.0,,,7.0,7.0,7.0,7.0,350000.0,350000.0,CONVERTED_FROM_MASS,CONVERTED_FROM_MASS,TRUE,FALSE,FALSE,TRUE,TRUE,PMRA 2015,ASSESSMENT_DEFAULT
Borage,19.0,19.0,,,17.0,17.0,17.0,17.0,894736.8421052633,894736.8421052633,CONVERTED_FROM_MASS,CONVERTED_FROM_MASS,TRUE,FALSE,FALSE,TRUE,FALSE,PMRA 2015,ASSESSMENT_DEFAULT
Broccoli,2.9,4.55,23920.0,521009.0,0.06936800000000001,0.108836,1.5109260999999998,2.37059095,23920.0,521009.0,DIRECT,DIRECT,TRUE,FALSE,FALSE,TRUE,TRUE,EAD Seed Weight and Seeding Rate Report (2025;August DRAFT),ASSESSMENT_DEFAULT
"Broccoli, chinese",2.9,4.55,107639.0,1722226.0,0.3121531,0.4897574499999999,4.9944554,7.8361283,107639.0,1722226.0,DIRECT,DIRECT,TRUE,FALSE,FALSE,TRUE,TRUE,EAD Seed Weight and Seeding Rate Report (2025;August DRAFT),ASSESSMENT_DEFAULT
"Broccoli, leaf",2.9,4.55,430556.0,3571000.0,1.2486124,1.9590297999999997,10.3559,16.24805,430556.0,3571000.0,DIRECT,DIRECT,TRUE,FALSE,FALSE,TRUE,TRUE,EAD Seed Weight and Seeding Rate Report (2025;August DRAFT),ASSESSMENT_DEFAULT
"Broccoli, raab",0.86,2.26,322917.0,861113.0,0.27770862,0.7297924199999999,0.74055718,1.94611538,322917.0,861113.0,DIRECT,DIRECT,TRUE,FALSE,FALSE,TRUE,TRUE,EAD Seed Weight and Seeding Rate Report (2025;August DRAFT),ASSESSMENT_DEFAULT
Buckwheat,29.0,37.3,,,20.0,20.0,90.0,90.0,536193.0294906166,3103448.275862069,CONVERTED_FROM_MASS,CONVERTED_FROM_MASS,TRUE,FALSE,TRUE,TRUE,FALSE,EAD Seed Weight and Seeding Rate Report (2025;August DRAFT),ASSESSMENT_DEFAULT
Cabbage,3.13,5.3,17940.0,242188.0,0.0561522,0.09508200000000001,0.7580484399999999,1.2835964,17940.0,242188.0,DIRECT,DIRECT,TRUE,FALSE,FALSE,TRUE,TRUE,EAD Seed Weight and Seeding Rate Report (2025;August DRAFT),ASSESSMENT_DEFAULT
"Cabbage, chinese",1.33,4.0,32292.0,287038.0,0.04294836,0.129168,0.38176054000000004,1.148152,32292.0,287038.0,DIRECT,DIRECT,TRUE,FALSE,FALSE,TRUE,TRUE,EAD Seed Weight and Seeding Rate Report (2025;August DRAFT),ASSESSMENT_DEFAULT
"Canola, Argentine, broadcast seeding",2.5,7.5,,,3.2,3.2,10.0,10.0,426666.6666666667,4000000.0,CONVERTED_FROM_MASS,CONVERTED_FROM_MASS,FALSE,FALSE,TRUE,FALSE,FALSE,EAD Seed Weight and Seeding Rate Report (2025;August DRAFT),ASSESSMENT_DEFAULT
"Canola, Argentine, standard planting",2.5,7.5,,,2.2,2.2,9.0,9.0,293333.3333333334,3600000.0,CONVERTED_FROM_MASS,CONVERTED_FROM_MASS,TRUE,TRUE,FALSE,TRUE,FALSE,EAD Seed Weight and Seeding Rate Report (2025;August DRAFT),ASSESSMENT_DEFAULT
"Canola, Polish, broadcast seeding",2.0,3.0,,,2.8,2.8,8.0,8.0,933333.3333333333,4000000.0,CONVERTED_FROM_MASS,CONVERTED_FROM_MASS,FALSE,FALSE,TRUE,FALSE,FALSE,EAD Seed Weight and Seeding Rate Report (2025;August DRAFT),ASSESSMENT_DEFAULT
"Canola, Polish, standard planting",2.0,3.0,,,1.8,1.8,7.0,7.0,600000.0,3500000.0,CONVERTED_FROM_MASS,CONVERTED_FROM_MASS,TRUE,FALSE,FALSE,TRUE,FALSE,EAD Seed Weight and Seeding Rate Report (2025;August DRAFT),ASSESSMENT_DEFAULT
"Canola/rapeseed, all varieties, broadcast seeding",2.0,7.5,,,2.8,2.8,10.0,10.0,373333.3333333333,5000000.0,CONVERTED_FROM_MASS,CONVERTED_FROM_MASS,FALSE,FALSE,TRUE,FALSE,FALSE,EAD Seed Weight and Seeding Rate Report (2025;August DRAFT),ASSESSMENT_DEFAULT
"Canola/rapeseed, all varieties, standard seeding",2.0,7.5,,,1.8,1.8,9.0,9.0,240000.00000000003,4500000.0,CONVERTED_FROM_MASS,CONVERTED_FROM_MASS,TRUE,TRUE,FALSE,TRUE,FALSE,EAD Seed Weight and Seeding Rate Report (2025;August DRAFT),ASSESSMENT_DEFAULT
Carinata,3.5,6.5,1900000.0,6363636.0,6.7,12.35,22.272726000000002,41.0,1900000.0,6363636.0,DIRECT,DIRECT,TRUE,TRUE,TRUE,TRUE,FALSE,EAD Seed Weight and Seeding Rate Report (2025;August DRAFT),ASSESSMENT_DEFAULT
"Carrot, fresh market whole baby",0.8,2.5,3333333.0,8166667.0,2.6666664,8.333332500000001,6.533333600000001,20.4166675,3333333.0,8166667.0,DIRECT,DIRECT,TRUE,FALSE,FALSE,TRUE,TRUE,EAD Seed Weight and Seeding Rate Report (2025;August DRAFT),ASSESSMENT_DEFAULT
"Carrot, processing and fresh market, excluding whole baby",0.8,2.5,256989.0,4666667.0,0.20559119999999997,0.6424725,3.7333336000000004,11.6666675,256989.0,4666667.0,DIRECT,DIRECT,TRUE,TRUE,FALSE,TRUE,TRUE,EAD Seed Weight and Seeding Rate Report (2025;August DRAFT),ASSESSMENT_DEFAULT
Celery,0.56,0.56,,,0.14,0.14,0.14,0.14,250000.0,250000.0,CONVERTED_FROM_MASS,CONVERTED_FROM_MASS,TRUE,FALSE,FALSE,TRUE,FALSE,PMRA 2015,ASSESSMENT_DEFAULT
Chayote,2050.0,13460.0,3588.0,7176.0,7.3554,48.29448,14.7108,96.58896,3588.0,7176.0,DIRECT,DIRECT,TRUE,FALSE,FALSE,FALSE,TRUE,EAD Seed Weight and Seeding Rate Report (2025;August DRAFT),ASSESSMENT_DEFAULT
"Chickpea, Desi",200.0,299.0,,,90.0,90.0,105.0,105.0,301003.3444816054,525000.0,CONVERTED_FROM_MASS,CONVERTED_FROM_MASS,TRUE,FALSE,FALSE,TRUE,TRUE,EAD Seed Weight and Seeding Rate Report (2025;August DRAFT),ASSESSMENT_DEFAULT
"Chickpea, Kabuli",257.0,450.0,,,135.0,135.0,210.0,210.0,300000.0,817120.6225680934,CONVERTED_FROM_MASS,CONVERTED_FROM_MASS,TRUE,FALSE,FALSE,TRUE,TRUE,EAD Seed Weight and Seeding Rate Report (2025;August DRAFT),ASSESSMENT_DEFAULT
"Corn, grain/field",200.0,400.0,37066.0,126500.0,7.413200000000001,14.826400000000001,25.3,50.6,37066.0,126500.0,DIRECT,DIRECT,TRUE,FALSE,FALSE,FALSE,TRUE,EAD Seed Weight and Seeding Rate Report (2025;August DRAFT),ASSESSMENT_DEFAULT
"Corn, popcorn or ornamental",95.0,192.0,43056.0,99000.0,4.090319999999999,8.266752,9.405,19.008,43056.0,99000.0,DIRECT,DIRECT,TRUE,FALSE,FALSE,FALSE,TRUE,EAD Seed Weight and Seeding Rate Report (2025;August DRAFT),ASSESSMENT_DEFAULT
"Corn, sweet",91.0,250.0,35830.0,111111.0,3.2605299999999997,8.9575,10.111101000000001,27.77775,35830.0,111111.0,DIRECT,DIRECT,TRUE,FALSE,FALSE,FALSE,TRUE,EAD Seed Weight and Seeding Rate Report (2025;August DRAFT),ASSESSMENT_DEFAULT
"Cucumber, fresh market",14.0,33.0,21528.0,170000.0,0.301392,0.7104239999999999,2.38,5.61,21528.0,170000.0,DIRECT,DIRECT,TRUE,FALSE,FALSE,TRUE,TRUE,EAD Seed Weight and Seeding Rate Report (2025;August DRAFT),ASSESSMENT_DEFAULT
"Cucumber, processing, including pickling and gherkin",14.0,33.0,37000.0,235294.0,0.518,1.221,3.294116,7.764702000000001,37000.0,235294.0,DIRECT,DIRECT,TRUE,FALSE,FALSE,TRUE,TRUE,EAD Seed Weight and Seeding Rate Report (2025;August DRAFT),ASSESSMENT_DEFAULT
Endive,2.0,2.0,,,1.0,1.0,2.0,2.0,500000.0,1000000.0,CONVERTED_FROM_MASS,CONVERTED_FROM_MASS,TRUE,FALSE,FALSE,TRUE,TRUE,PMRA 2015,ASSESSMENT_DEFAULT
Flax,5.0,6.5,,,30.0,30.0,50.0,50.0,4615384.615384615,10000000.0,CONVERTED_FROM_MASS,CONVERTED_FROM_MASS,TRUE,FALSE,FALSE,TRUE,FALSE,PMRA 2015,ASSESSMENT_DEFAULT
Gourd,33.0,302.0,1455.0,64583.0,0.048015,0.43941,2.131239,19.504065999999998,1455.0,64583.0,DIRECT,DIRECT,TRUE,FALSE,FALSE,TRUE,TRUE,EAD Seed Weight and Seeding Rate Report (2025;August DRAFT),ASSESSMENT_DEFAULT
"Gourd, bitter",60.0,60.0,3588.0,23920.0,0.21528,0.21528,1.4352,1.4352,3588.0,23920.0,DIRECT,DIRECT,TRUE,FALSE,FALSE,TRUE,TRUE,EAD Seed Weight and Seeding Rate Report (2025;August DRAFT),ASSESSMENT_DEFAULT
"Gourd, wax",70.0,100.0,2990.0,7176.0,0.2093,0.299,0.50232,0.7176,2990.0,7176.0,DIRECT,DIRECT,TRUE,FALSE,FALSE,TRUE,TRUE,EAD Seed Weight and Seeding Rate Report (2025;August DRAFT),ASSESSMENT_DEFAULT
Leek,2.18,3.8,222222.0,600000.0,0.48444396000000006,0.8444436,1.308,2.28,222222.0,600000.0,DIRECT,DIRECT,TRUE,FALSE,FALSE,TRUE,TRUE,EAD Seed Weight and Seeding Rate Report (2025;August DRAFT),ASSESSMENT_DEFAULT
Lentil,25.0,80.0,1300000.0,2600000.0,32.5,104.0,65.0,208.0,1300000.0,2600000.0,DIRECT,DIRECT,TRUE,FALSE,FALSE,TRUE,TRUE,EAD Seed Weight and Seeding Rate Report (2025;August DRAFT),ASSESSMENT_DEFAULT
"Lettuce, baby leaf",0.6,1.7,2583336.0,46500093.0,1.5500015999999999,4.391671199999999,27.900055799999997,79.0501581,2583336.0,46500093.0,DIRECT,DIRECT,TRUE,TRUE,TRUE,TRUE,TRUE,EAD Seed Weight and Seeding Rate Report (2025;August DRAFT),ASSESSMENT_DEFAULT
"Lettuce, leaf and head",0.6,1.7,60000.0,,0.036,0.102,2.25,2.25,60000.0,3750000.0000000005,DIRECT,CONVERTED_FROM_MASS,TRUE,TRUE,FALSE,TRUE,TRUE,EAD Seed Weight and Seeding Rate Report (2025;August DRAFT),ASSESSMENT_DEFAULT
Lupin,105.0,503.0,,,78.0,78.0,240.0,240.0,155069.5825049702,2285714.285714286,CONVERTED_FROM_MASS,CONVERTED_FROM_MASS,TRUE,FALSE,FALSE,TRUE,TRUE,EAD Seed Weight and Seeding Rate Report (2025;August DRAFT),ASSESSMENT_DEFAULT
Melon (excluding citron and watermelon),21.6,33.3,5980.0,32292.0,0.129168,0.19913399999999998,0.6975072000000001,1.0753236,5980.0,32292.0,DIRECT,DIRECT,TRUE,FALSE,FALSE,TRUE,TRUE,EAD Seed Weight and Seeding Rate Report (2025;August DRAFT),ASSESSMENT_DEFAULT
"Melon, citron and watermelon",40.8,180.0,3364.0,30000.0,0.1372512,0.60552,1.224,5.4,3364.0,30000.0,DIRECT,DIRECT,TRUE,FALSE,FALSE,TRUE,TRUE,EAD Seed Weight and Seeding Rate Report (2025;August DRAFT),ASSESSMENT_DEFAULT
"Millet , all varieties",1.8,6.5,,,5.6,5.6,40.0,40.0,861538.4615384615,22222222.222222224,CONVERTED_FROM_MASS,CONVERTED_FROM_MASS,TRUE,FALSE,TRUE,TRUE,TRUE,EAD Seed Weight and Seeding Rate Report (2025;August DRAFT),ASSESSMENT_DEFAULT
"Millet, pearl",5.3,6.5,,,5.6,5.6,34.0,34.0,861538.4615384615,6415094.339622641,CONVERTED_FROM_MASS,CONVERTED_FROM_MASS,TRUE,FALSE,TRUE,TRUE,TRUE,EAD Seed Weight and Seeding Rate Report (2025;August DRAFT),ASSESSMENT_DEFAULT
"Millet, proso",5.0,6.5,,,22.4,22.4,40.0,40.0,3446153.846153846,8000000.0,CONVERTED_FROM_MASS,CONVERTED_FROM_MASS,TRUE,FALSE,TRUE,TRUE,TRUE,EAD Seed Weight and Seeding Rate Report (2025;August DRAFT),ASSESSMENT_DEFAULT
"Mustard, brown and oriental",1.6,4.0,,,4.5,4.5,8.0,8.0,1125000.0,5000000.0,CONVERTED_FROM_MASS,CONVERTED_FROM_MASS,TRUE,TRUE,TRUE,TRUE,FALSE,EAD Seed Weight and Seeding Rate Report (2025;August DRAFT),ASSESSMENT_DEFAULT
"Mustard, greens, baby leaf",1.6,4.0,23250047.0,38750078.0,37.2000752,93.000188,62.0001248,155.000312,23250047.0,38750078.0,DIRECT,DIRECT,TRUE,TRUE,TRUE,TRUE,FALSE,EAD Seed Weight and Seeding Rate Report (2025;August DRAFT),ASSESSMENT_DEFAULT
"Mustard, greens, excluding baby leaf",1.6,4.0,430556.0,1076391.0,0.6888896,1.722224,1.7222256000000002,4.305564,430556.0,1076391.0,DIRECT,DIRECT,TRUE,TRUE,TRUE,TRUE,FALSE,EAD Seed Weight and Seeding Rate Report (2025;August DRAFT),ASSESSMENT_DEFAULT
"Mustard, oilseed, broadcast seeding",1.6,4.0,,,5.5,5.5,9.0,9.0,1375000.0,5625000.0,CONVERTED_FROM_MASS,CONVERTED_FROM_MASS,TRUE,TRUE,TRUE,FALSE,FALSE,EAD Seed Weight and Seeding Rate Report (2025;August DRAFT),ASSESSMENT_DEFAULT
"Mustard, oilseed, standard planting",1.6,4.0,,,4.5,4.5,8.0,8.0,1125000.0,5000000.0,CONVERTED_FROM_MASS,CONVERTED_FROM_MASS,TRUE,TRUE,FALSE,TRUE,FALSE,EAD Seed Weight and Seeding Rate Report (2025;August DRAFT),ASSESSMENT_DEFAULT
"Mustard, yellow",4.5,6.5,,,7.8,7.8,11.2,11.2,1200000.0,2488888.888888889,CONVERTED_FROM_MASS,CONVERTED_FROM_MASS,TRUE,TRUE,TRUE,TRUE,FALSE,EAD Seed Weight and Seeding Rate Report (2025;August DRAFT),ASSESSMENT_DEFAULT
Oat,27.0,46.0,,,53.8,53.8,157.0,157.0,1169565.2173913042,5814814.814814814,CONVERTED_FROM_MASS,CONVERTED_FROM_MASS,TRUE,TRUE,TRUE,TRUE,FALSE,EAD Seed Weight and Seeding Rate Report (2025;August DRAFT),ASSESSMENT_DEFAULT
"Onion, dry bulb, excluding set production",2.9,4.7,86111.0,1066667.0,0.2497219,0.4047217000000001,3.0933342999999995,5.0133349,86111.0,1066667.0,DIRECT,DIRECT,TRUE,TRUE,FALSE,TRUE,TRUE,EAD Seed Weight and Seeding Rate Report (2025;August DRAFT),ASSESSMENT_DEFAULT
"Onion, green/bunching",2.2,3.8,625000.0,7750016.0,1.375,2.375,17.050035200000003,29.450060799999996,625000.0,7750016.0,DIRECT,DIRECT,TRUE,FALSE,FALSE,TRUE,TRUE,EAD Seed Weight and Seeding Rate Report (2025;August DRAFT),ASSESSMENT_DEFAULT
"Onion, pickling/pearl and dry bulb for set production",2.9,4.7,12000000.0,23529412.0,34.8,56.4,68.2352948,110.58823640000001,12000000.0,23529412.0,DIRECT,DIRECT,TRUE,FALSE,FALSE,TRUE,TRUE,EAD Seed Weight and Seeding Rate Report (2025;August DRAFT),ASSESSMENT_DEFAULT
Parsley,1.8,1.8,,,1.0,1.0,2.0,2.0,555555.5555555555,1111111.111111111,CONVERTED_FROM_MASS,CONVERTED_FROM_MASS,TRUE,FALSE,FALSE,TRUE,FALSE,PMRA 2015,ASSESSMENT_DEFAULT
Parsnip,5.0,5.0,,,3.0,3.0,5.5,5.5,600000.0,1100000.0,CONVERTED_FROM_MASS,CONVERTED_FROM_MASS,TRUE,FALSE,FALSE,TRUE,FALSE,PMRA 2015,ASSESSMENT_DEFAULT
"Pea, field/dry pulse",125.0,300.0,322917.0,1139707.0,40.364625,96.87509999999999,142.463375,341.9121,322917.0,1139707.0,DIRECT,DIRECT,TRUE,FALSE,FALSE,TRUE,TRUE,EAD Seed Weight and Seeding Rate Report (2025;August DRAFT),ASSESSMENT_DEFAULT
"Pea, horticultural/vegetable",111.0,333.0,107639.0,1853289.0,11.947929,35.843787,205.715079,617.145237,107639.0,1853289.0,DIRECT,DIRECT,TRUE,FALSE,FALSE,TRUE,TRUE,EAD Seed Weight and Seeding Rate Report (2025;August DRAFT),ASSESSMENT_DEFAULT
Pepper,3.3,9.1,23920.0,109739.0,0.078936,0.217672,0.3621387,0.9986249,23920.0,109739.0,DIRECT,DIRECT,TRUE,FALSE,FALSE,TRUE,TRUE,EAD Seed Weight and Seeding Rate Report (2025;August DRAFT),ASSESSMENT_DEFAULT
Radish,8.5,9.1,,,11.0,11.0,17.0,17.0,1208791.2087912087,1999999.9999999998,CONVERTED_FROM_MASS,CONVERTED_FROM_MASS,TRUE,FALSE,FALSE,TRUE,TRUE,PMRA 2015,ASSESSMENT_DEFAULT
Rye,25.0,38.0,,,30.0,30.0,190.0,190.0,789473.6842105264,7600000.0,CONVERTED_FROM_MASS,CONVERTED_FROM_MASS,TRUE,TRUE,TRUE,TRUE,FALSE,PMRA 2015,ASSESSMENT_DEFAULT
Sage,0.11,0.11,,,1.8,1.8,1.8,1.8,16363636.363636363,16363636.363636363,CONVERTED_FROM_MASS,CONVERTED_FROM_MASS,TRUE,FALSE,FALSE,TRUE,FALSE,PMRA 2015,ASSESSMENT_DEFAULT
Sorghum,13.0,35.0,,,5.6,5.6,40.0,40.0,159999.99999999997,3076923.076923077,CONVERTED_FROM_MASS,CONVERTED_FROM_MASS,TRUE,FALSE,TRUE,TRUE,FALSE,EAD Seed Weight and Seeding Rate Report (2025;August DRAFT),ASSESSMENT_DEFAULT
Soybean,93.5,256.4,66667.0,642000.0,6.2333645,17.0934188,60.027,164.6088,66667.0,642000.0,DIRECT,DIRECT,TRUE,FALSE,FALSE,TRUE,TRUE,EAD Seed Weight and Seeding Rate Report (2025;August DRAFT),ASSESSMENT_DEFAULT
Spinach,2.9,2.9,,,12.0,12.0,12.0,12.0,4137931.034482759,4137931.034482759,CONVERTED_FROM_MASS,CONVERTED_FROM_MASS,TRUE,FALSE,FALSE,TRUE,FALSE,PMRA 2015,ASSESSMENT_DEFAULT
"Squash, summer",71.0,143.0,2222.0,64583.0,0.157762,0.317746,4.585393,9.235369,2222.0,64583.0,DIRECT,DIRECT,TRUE,FALSE,FALSE,TRUE,TRUE,EAD Seed Weight and Seeding Rate Report (2025;August DRAFT),ASSESSMENT_DEFAULT
"Squash, winter",67.0,302.0,1455.0,53820.0,0.097485,0.43941,3.60594,16.25364,1455.0,53820.0,DIRECT,DIRECT,TRUE,FALSE,FALSE,TRUE,TRUE,EAD Seed Weight and Seeding Rate Report (2025;August DRAFT),ASSESSMENT_DEFAULT
Sugar beet,7.5,20.0,74132.0,247105.0,0.55599,1.4826400000000002,1.8532875,4.942099999999999,74132.0,247105.0,DIRECT,DIRECT,TRUE,FALSE,FALSE,TRUE,TRUE,EAD Seed Weight and Seeding Rate Report (2025;August DRAFT),ASSESSMENT_DEFAULT
"Sunflower, confection-type",91.0,227.0,49000.0,56834.0,4.459,11.123,5.171894,12.901318000000002,49000.0,56834.0,DIRECT,DIRECT,TRUE,FALSE,FALSE,TRUE,TRUE,EAD Seed Weight and Seeding Rate Report (2025;August DRAFT),ASSESSMENT_DEFAULT
"Sunflower, oilseed-type",50.0,91.0,52000.0,87000.0,2.6,4.732,4.35,7.917,52000.0,87000.0,DIRECT,DIRECT,TRUE,FALSE,FALSE,TRUE,TRUE,EAD Seed Weight and Seeding Rate Report (2025;August DRAFT),ASSESSMENT_DEFAULT
Tomato,1.7,4.5,5980.0,322917.0,0.010166,0.026910000000000003,0.5489588999999999,1.4531264999999998,5980.0,322917.0,DIRECT,DIRECT,TRUE,FALSE,FALSE,TRUE,TRUE,EAD Seed Weight and Seeding Rate Report (2025;August DRAFT),ASSESSMENT_DEFAULT
Triticale,28.0,49.0,,,75.0,75.0,210.0,210.0,1530612.244897959,7500000.0,CONVERTED_FROM_MASS,CONVERTED_FROM_MASS,TRUE,TRUE,TRUE,TRUE,FALSE,EAD Seed Weight and Seeding Rate Report (2025;August DRAFT),ASSESSMENT_DEFAULT
"Wheat, winter (non-durum)",20.0,50.0,,5500000.0,30.0,30.0,110.0,275.0,600000.0,5500000.0,CONVERTED_FROM_MASS,DIRECT,TRUE,TRUE,TRUE,TRUE,FALSE,EAD Seed Weight and Seeding Rate Report (2025;August DRAFT),ASSESSMENT_DEFAULT
"Wheat, Durum",40.0,50.0,,4800000.0,67.0,67.0,192.0,240.0,1340000.0,4800000.0,CONVERTED_FROM_MASS,DIRECT,TRUE,TRUE,TRUE,TRUE,FALSE,EAD Seed Weight and Seeding Rate Report (2025;August DRAFT),ASSESSMENT_DEFAULT
"Wheat, spring (non-durum)",20.0,50.0,,5750000.0,67.0,67.0,115.0,287.5,1340000.0,5750000.0,CONVERTED_FROM_MASS,DIRECT,TRUE,TRUE,TRUE,TRUE,FALSE,EAD Seed Weight and Seeding Rate Report (2025;August DRAFT),ASSESSMENT_DEFAULT
